<?xml version="1.0" encoding="UTF-8"?>
<export version="D">
  <design>
    <source>C:\Users\Nanodyn - Spare\OneDrive - Nanodyn\Desktop\GIT repository\Waveform-generator\PCB\Version 1.0\Waveform Generator\PCB files\Waveform Generator.sch</source>
    <date>01 Jun 2021 10:22:29</date>
    <tool>Eeschema (5.1.5)-3</tool>
    <sheet number="1" name="/" tstamps="/">
      <title_block>
        <title>Waveform Generator</title>
        <company>Nanodyn Systems</company>
        <rev>1.0</rev>
        <date>2021-02-09</date>
        <source>Waveform Generator.sch</source>
        <comment number="1" value="Nicholas Antoniades"/>
        <comment number="2" value=""/>
        <comment number="3" value=""/>
        <comment number="4" value=""/>
      </title_block>
    </sheet>
  </design>
  <components>
    <comp ref="C14">
      <value>4u7</value>
      <footprint>Capacitor_SMD:C_0402_1005Metric</footprint>
      <datasheet>~</datasheet>
      <libsource lib="Device" part="C_Small" description="Unpolarized capacitor, small symbol"/>
      <sheetpath names="/" tstamps="/"/>
      <tstamp>60232F16</tstamp>
    </comp>
    <comp ref="C15">
      <value>100n</value>
      <footprint>Capacitor_SMD:C_0402_1005Metric</footprint>
      <datasheet>~</datasheet>
      <libsource lib="Device" part="C_Small" description="Unpolarized capacitor, small symbol"/>
      <sheetpath names="/" tstamps="/"/>
      <tstamp>60233BC9</tstamp>
    </comp>
    <comp ref="C16">
      <value>100n</value>
      <footprint>Capacitor_SMD:C_0402_1005Metric</footprint>
      <datasheet>~</datasheet>
      <libsource lib="Device" part="C_Small" description="Unpolarized capacitor, small symbol"/>
      <sheetpath names="/" tstamps="/"/>
      <tstamp>60233EB1</tstamp>
    </comp>
    <comp ref="C17">
      <value>100n</value>
      <footprint>Capacitor_SMD:C_0402_1005Metric</footprint>
      <datasheet>~</datasheet>
      <libsource lib="Device" part="C_Small" description="Unpolarized capacitor, small symbol"/>
      <sheetpath names="/" tstamps="/"/>
      <tstamp>6023424D</tstamp>
    </comp>
    <comp ref="SW3">
      <value>SW_SPDT</value>
      <footprint>Button_Switch_SMD:SW_SPDT_PCM12</footprint>
      <datasheet>~</datasheet>
      <libsource lib="Switch" part="SW_SPDT" description="Switch, single pole double throw"/>
      <sheetpath names="/" tstamps="/"/>
      <tstamp>6026ED44</tstamp>
    </comp>
    <comp ref="R13">
      <value>10k</value>
      <footprint>Resistor_SMD:R_0402_1005Metric</footprint>
      <datasheet>~</datasheet>
      <libsource lib="Device" part="R_Small" description="Resistor, small symbol"/>
      <sheetpath names="/" tstamps="/"/>
      <tstamp>602701E3</tstamp>
    </comp>
    <comp ref="C24">
      <value>12p</value>
      <footprint>Capacitor_SMD:C_0402_1005Metric</footprint>
      <datasheet>~</datasheet>
      <libsource lib="Device" part="C_Small" description="Unpolarized capacitor, small symbol"/>
      <sheetpath names="/" tstamps="/"/>
      <tstamp>60290082</tstamp>
    </comp>
    <comp ref="C19">
      <value>100n</value>
      <footprint>Capacitor_SMD:C_0402_1005Metric</footprint>
      <datasheet>~</datasheet>
      <libsource lib="Device" part="C_Small" description="Unpolarized capacitor, small symbol"/>
      <sheetpath names="/" tstamps="/"/>
      <tstamp>60234935</tstamp>
    </comp>
    <comp ref="C18">
      <value>100n</value>
      <footprint>Capacitor_SMD:C_0402_1005Metric</footprint>
      <datasheet>~</datasheet>
      <libsource lib="Device" part="C_Small" description="Unpolarized capacitor, small symbol"/>
      <sheetpath names="/" tstamps="/"/>
      <tstamp>6023465A</tstamp>
    </comp>
    <comp ref="C21">
      <value>1u</value>
      <footprint>Capacitor_SMD:C_0402_1005Metric</footprint>
      <datasheet>~</datasheet>
      <libsource lib="Device" part="C_Small" description="Unpolarized capacitor, small symbol"/>
      <sheetpath names="/" tstamps="/"/>
      <tstamp>6022BABB</tstamp>
    </comp>
    <comp ref="C20">
      <value>1u</value>
      <footprint>Capacitor_SMD:C_0402_1005Metric</footprint>
      <datasheet>~</datasheet>
      <libsource lib="Device" part="C_Small" description="Unpolarized capacitor, small symbol"/>
      <sheetpath names="/" tstamps="/"/>
      <tstamp>6022ACD2</tstamp>
    </comp>
    <comp ref="X1">
      <value> 25MHZ</value>
      <footprint>Crystal:Crystal_SMD_3225-4Pin_3.2x2.5mm</footprint>
      <datasheet>~</datasheet>
      <libsource lib="Device" part="Crystal_GND24_Small" description="Four pin crystal, GND on pins 2 and 4, small symbol"/>
      <sheetpath names="/" tstamps="/"/>
      <tstamp>6024D9A3</tstamp>
    </comp>
    <comp ref="C25">
      <value>20p</value>
      <footprint>Capacitor_SMD:C_0402_1005Metric</footprint>
      <datasheet>~</datasheet>
      <libsource lib="Device" part="C_Small" description="Unpolarized capacitor, small symbol"/>
      <sheetpath names="/" tstamps="/"/>
      <tstamp>6024F9A9</tstamp>
    </comp>
    <comp ref="C26">
      <value>20p</value>
      <footprint>Capacitor_SMD:C_0402_1005Metric</footprint>
      <datasheet>~</datasheet>
      <libsource lib="Device" part="C_Small" description="Unpolarized capacitor, small symbol"/>
      <sheetpath names="/" tstamps="/"/>
      <tstamp>6024FF37</tstamp>
    </comp>
    <comp ref="R12">
      <value>47</value>
      <footprint>Resistor_SMD:R_0402_1005Metric</footprint>
      <datasheet>~</datasheet>
      <libsource lib="Device" part="R_Small" description="Resistor, small symbol"/>
      <sheetpath names="/" tstamps="/"/>
      <tstamp>602589FD</tstamp>
    </comp>
    <comp ref="Q0">
      <value>AO3401A</value>
      <footprint>Package_TO_SOT_SMD:SOT-23</footprint>
      <datasheet>http://www.aosmd.com/pdfs/datasheet/AO3401A.pdf</datasheet>
      <libsource lib="Transistor_FET" part="AO3401A" description="-4.0A Id, -30V Vds, P-Channel MOSFET, SOT-23"/>
      <sheetpath names="/" tstamps="/"/>
      <tstamp>60308748</tstamp>
    </comp>
    <comp ref="D1">
      <value>B5819W</value>
      <footprint>Diode_SMD:D_SOD-123</footprint>
      <datasheet>~</datasheet>
      <libsource lib="Device" part="D_Schottky_Small" description="Schottky diode, small symbol"/>
      <sheetpath names="/" tstamps="/"/>
      <tstamp>6030D3E5</tstamp>
    </comp>
    <comp ref="F1">
      <value>300mA</value>
      <footprint>Fuse:Fuse_0603_1608Metric</footprint>
      <datasheet>~</datasheet>
      <libsource lib="Device" part="Polyfuse_Small" description="Resettable fuse, polymeric positive temperature coefficient, small symbol"/>
      <sheetpath names="/" tstamps="/"/>
      <tstamp>6030F6C2</tstamp>
    </comp>
    <comp ref="FB1">
      <value>100 @ 100MHz</value>
      <footprint>Inductor_SMD:L_1206_3216Metric</footprint>
      <datasheet>~</datasheet>
      <libsource lib="Device" part="Ferrite_Bead_Small" description="Ferrite bead, small symbol"/>
      <sheetpath names="/" tstamps="/"/>
      <tstamp>60310A5E</tstamp>
    </comp>
    <comp ref="SW1">
      <value>SW_SPDT</value>
      <footprint>Button_Switch_SMD:SW_SPDT_PCM12</footprint>
      <datasheet>~</datasheet>
      <libsource lib="Switch" part="SW_SPDT" description="Switch, single pole double throw"/>
      <sheetpath names="/" tstamps="/"/>
      <tstamp>60369929</tstamp>
    </comp>
    <comp ref="C11">
      <value>12p</value>
      <footprint>Capacitor_SMD:C_0402_1005Metric</footprint>
      <datasheet>~</datasheet>
      <libsource lib="Device" part="C_Small" description="Unpolarized capacitor, small symbol"/>
      <sheetpath names="/" tstamps="/"/>
      <tstamp>60866F1A</tstamp>
    </comp>
    <comp ref="BTN1">
      <value>Btn1</value>
      <footprint>Extra Components:TS-1109S-B-B</footprint>
      <datasheet>~</datasheet>
      <libsource lib="Switch" part="SW_Push" description="Push button switch, generic, two pins"/>
      <sheetpath names="/" tstamps="/"/>
      <tstamp>60866F31</tstamp>
    </comp>
    <comp ref="C12">
      <value>12p</value>
      <footprint>Capacitor_SMD:C_0402_1005Metric</footprint>
      <datasheet>~</datasheet>
      <libsource lib="Device" part="C_Small" description="Unpolarized capacitor, small symbol"/>
      <sheetpath names="/" tstamps="/"/>
      <tstamp>60883F40</tstamp>
    </comp>
    <comp ref="BTN2">
      <value>Btn2</value>
      <footprint>Extra Components:TS-1109S-B-B</footprint>
      <datasheet>~</datasheet>
      <libsource lib="Switch" part="SW_Push" description="Push button switch, generic, two pins"/>
      <sheetpath names="/" tstamps="/"/>
      <tstamp>60883F57</tstamp>
    </comp>
    <comp ref="C13">
      <value>12p</value>
      <footprint>Capacitor_SMD:C_0402_1005Metric</footprint>
      <datasheet>~</datasheet>
      <libsource lib="Device" part="C_Small" description="Unpolarized capacitor, small symbol"/>
      <sheetpath names="/" tstamps="/"/>
      <tstamp>6088BB09</tstamp>
    </comp>
    <comp ref="BTN3">
      <value>BTN3</value>
      <footprint>Extra Components:TS-1109S-B-B</footprint>
      <datasheet>~</datasheet>
      <libsource lib="Switch" part="SW_Push" description="Push button switch, generic, two pins"/>
      <sheetpath names="/" tstamps="/"/>
      <tstamp>6088BB20</tstamp>
    </comp>
    <comp ref="R34">
      <value>2k2</value>
      <footprint>Resistor_SMD:R_0402_1005Metric</footprint>
      <datasheet>~</datasheet>
      <libsource lib="Device" part="R_Small" description="Resistor, small symbol"/>
      <sheetpath names="/" tstamps="/"/>
      <tstamp>608CBE8B</tstamp>
    </comp>
    <comp ref="R33">
      <value>2k2</value>
      <footprint>Resistor_SMD:R_0402_1005Metric</footprint>
      <datasheet>~</datasheet>
      <libsource lib="Device" part="R_Small" description="Resistor, small symbol"/>
      <sheetpath names="/" tstamps="/"/>
      <tstamp>608E7F2B</tstamp>
    </comp>
    <comp ref="C31">
      <value>100n</value>
      <footprint>Capacitor_SMD:C_0402_1005Metric</footprint>
      <datasheet>~</datasheet>
      <libsource lib="Device" part="C_Small" description="Unpolarized capacitor, small symbol"/>
      <sheetpath names="/" tstamps="/"/>
      <tstamp>60464560</tstamp>
    </comp>
    <comp ref="R32">
      <value>22</value>
      <footprint>Resistor_SMD:R_0402_1005Metric</footprint>
      <datasheet>~</datasheet>
      <libsource lib="Device" part="R_Small" description="Resistor, small symbol"/>
      <sheetpath names="/" tstamps="/"/>
      <tstamp>6046413B</tstamp>
    </comp>
    <comp ref="R31">
      <value>22</value>
      <footprint>Resistor_SMD:R_0402_1005Metric</footprint>
      <datasheet>~</datasheet>
      <libsource lib="Device" part="R_Small" description="Resistor, small symbol"/>
      <sheetpath names="/" tstamps="/"/>
      <tstamp>60463CBB</tstamp>
    </comp>
    <comp ref="R30">
      <value>22</value>
      <footprint>Resistor_SMD:R_0402_1005Metric</footprint>
      <datasheet>~</datasheet>
      <libsource lib="Device" part="R_Small" description="Resistor, small symbol"/>
      <sheetpath names="/" tstamps="/"/>
      <tstamp>60463453</tstamp>
    </comp>
    <comp ref="R29">
      <value>22</value>
      <footprint>Resistor_SMD:R_0402_1005Metric</footprint>
      <datasheet>~</datasheet>
      <libsource lib="Device" part="R_Small" description="Resistor, small symbol"/>
      <sheetpath names="/" tstamps="/"/>
      <tstamp>60462454</tstamp>
    </comp>
    <comp ref="J6">
      <value>SWD</value>
      <footprint>Connector_PinSocket_1.27mm:PinSocket_2x05_P1.27mm_Vertical</footprint>
      <datasheet>~</datasheet>
      <libsource lib="Connector_Generic" part="Conn_02x05_Odd_Even" description="Generic connector, double row, 02x05, odd/even pin numbering scheme (row 1 odd numbers, row 2 even numbers), script generated (kicad-library-utils/schlib/autogen/connector/)"/>
      <sheetpath names="/" tstamps="/"/>
      <tstamp>6044C1BE</tstamp>
    </comp>
    <comp ref="C5">
      <value>10n</value>
      <footprint>Capacitor_SMD:C_0603_1608Metric</footprint>
      <datasheet>~</datasheet>
      <libsource lib="Device" part="C_Small" description="Unpolarized capacitor, small symbol"/>
      <sheetpath names="/" tstamps="/"/>
      <tstamp>60C5E140</tstamp>
    </comp>
    <comp ref="C6">
      <value>10n</value>
      <footprint>Capacitor_SMD:C_0603_1608Metric</footprint>
      <datasheet>~</datasheet>
      <libsource lib="Device" part="C_Small" description="Unpolarized capacitor, small symbol"/>
      <sheetpath names="/" tstamps="/"/>
      <tstamp>60C5E637</tstamp>
    </comp>
    <comp ref="C3">
      <value>10n</value>
      <footprint>Capacitor_SMD:C_0603_1608Metric</footprint>
      <datasheet>~</datasheet>
      <libsource lib="Device" part="C_Small" description="Unpolarized capacitor, small symbol"/>
      <sheetpath names="/" tstamps="/"/>
      <tstamp>60C5E898</tstamp>
    </comp>
    <comp ref="C4">
      <value>10n</value>
      <footprint>Capacitor_SMD:C_0603_1608Metric</footprint>
      <datasheet>~</datasheet>
      <libsource lib="Device" part="C_Small" description="Unpolarized capacitor, small symbol"/>
      <sheetpath names="/" tstamps="/"/>
      <tstamp>60C5EB0E</tstamp>
    </comp>
    <comp ref="H1">
      <value>MountingHole_Pad</value>
      <footprint>MountingHole:MountingHole_4.3mm_M4_Pad_Via</footprint>
      <datasheet>~</datasheet>
      <libsource lib="Mechanical" part="MountingHole_Pad" description="Mounting Hole with connection"/>
      <sheetpath names="/" tstamps="/"/>
      <tstamp>6101C77B</tstamp>
    </comp>
    <comp ref="H2">
      <value>MountingHole_Pad</value>
      <footprint>MountingHole:MountingHole_4.3mm_M4_Pad_Via</footprint>
      <datasheet>~</datasheet>
      <libsource lib="Mechanical" part="MountingHole_Pad" description="Mounting Hole with connection"/>
      <sheetpath names="/" tstamps="/"/>
      <tstamp>6101DED5</tstamp>
    </comp>
    <comp ref="H3">
      <value>MountingHole_Pad</value>
      <footprint>MountingHole:MountingHole_4.3mm_M4_Pad_Via</footprint>
      <datasheet>~</datasheet>
      <libsource lib="Mechanical" part="MountingHole_Pad" description="Mounting Hole with connection"/>
      <sheetpath names="/" tstamps="/"/>
      <tstamp>6101E0AF</tstamp>
    </comp>
    <comp ref="H4">
      <value>MountingHole_Pad</value>
      <footprint>MountingHole:MountingHole_4.3mm_M4_Pad_Via</footprint>
      <datasheet>~</datasheet>
      <libsource lib="Mechanical" part="MountingHole_Pad" description="Mounting Hole with connection"/>
      <sheetpath names="/" tstamps="/"/>
      <tstamp>6101E1EB</tstamp>
    </comp>
    <comp ref="PS1">
      <value>ITP0324D05</value>
      <footprint>Extra Components:ITP0312D05</footprint>
      <libsource lib="Extra Components" part="ITP0312D05" description=""/>
      <sheetpath names="/" tstamps="/"/>
      <tstamp>60CCC450</tstamp>
    </comp>
    <comp ref="C1">
      <value>10n</value>
      <footprint>Capacitor_SMD:C_1206_3216Metric</footprint>
      <datasheet>~</datasheet>
      <libsource lib="Device" part="C_Small" description="Unpolarized capacitor, small symbol"/>
      <sheetpath names="/" tstamps="/"/>
      <tstamp>60AD11B6</tstamp>
    </comp>
    <comp ref="C2">
      <value>10n</value>
      <footprint>Capacitor_SMD:C_1206_3216Metric</footprint>
      <datasheet>~</datasheet>
      <libsource lib="Device" part="C_Small" description="Unpolarized capacitor, small symbol"/>
      <sheetpath names="/" tstamps="/"/>
      <tstamp>60AD0608</tstamp>
    </comp>
    <comp ref="D4">
      <value>BLUE</value>
      <footprint>LED_SMD:LED_0603_1608Metric</footprint>
      <datasheet>~</datasheet>
      <libsource lib="Device" part="LED_Small" description="Light emitting diode, small symbol"/>
      <sheetpath names="/" tstamps="/"/>
      <tstamp>6116EDD5</tstamp>
    </comp>
    <comp ref="R9">
      <value>47</value>
      <footprint>Resistor_SMD:R_0603_1608Metric</footprint>
      <datasheet>~</datasheet>
      <libsource lib="Device" part="R_Small" description="Resistor, small symbol"/>
      <sheetpath names="/" tstamps="/"/>
      <tstamp>6116EDCF</tstamp>
    </comp>
    <comp ref="R10">
      <value>470</value>
      <footprint>Resistor_SMD:R_0603_1608Metric</footprint>
      <datasheet>~</datasheet>
      <libsource lib="Device" part="R_Small" description="Resistor, small symbol"/>
      <sheetpath names="/" tstamps="/"/>
      <tstamp>60EC9088</tstamp>
    </comp>
    <comp ref="U2">
      <value>MAX485EESAT</value>
      <footprint>Package_SO:SOIC-8-1EP_3.9x4.9mm_P1.27mm_EP2.29x3mm</footprint>
      <datasheet>https://datasheets.maximintegrated.com/en/ds/MAX1487E-MAX491E.pdf</datasheet>
      <libsource lib="Interface_UART" part="MAX485E" description="Half duplex RS-485/RS-422, 2.5 Mbps, ±15kV electro-static discharge (ESD) protection, no slew-rate, no low-power shutdown, with receiver/driver enable, 32 receiver drive kapacitity, DIP-8 and SOIC-8"/>
      <sheetpath names="/" tstamps="/"/>
      <tstamp>60E0E77E</tstamp>
    </comp>
    <comp ref="R8">
      <value>1k</value>
      <footprint>Resistor_SMD:R_0603_1608Metric</footprint>
      <datasheet>~</datasheet>
      <libsource lib="Device" part="R_Small" description="Resistor, small symbol"/>
      <sheetpath names="/" tstamps="/"/>
      <tstamp>60D924C9</tstamp>
    </comp>
    <comp ref="R7">
      <value>1k</value>
      <footprint>Resistor_SMD:R_0402_1005Metric</footprint>
      <datasheet>~</datasheet>
      <libsource lib="Device" part="R_Small" description="Resistor, small symbol"/>
      <sheetpath names="/" tstamps="/"/>
      <tstamp>60D91CC2</tstamp>
    </comp>
    <comp ref="Q3">
      <value>Q_PNP_BCE</value>
      <footprint>Package_TO_SOT_SMD:SOT-23</footprint>
      <datasheet>~</datasheet>
      <libsource lib="Device" part="Q_PNP_BCE" description="PNP transistor, base/collector/emitter"/>
      <sheetpath names="/" tstamps="/"/>
      <tstamp>60D8C9A2</tstamp>
    </comp>
    <comp ref="Q2">
      <value>Q_NPN_BCE</value>
      <footprint>Package_TO_SOT_SMD:SOT-23</footprint>
      <datasheet>~</datasheet>
      <libsource lib="Device" part="Q_NPN_BCE" description="NPN transistor, base/collector/emitter"/>
      <sheetpath names="/" tstamps="/"/>
      <tstamp>60D8BEEF</tstamp>
    </comp>
    <comp ref="FB2">
      <value>100 @ 100MHz</value>
      <footprint>Inductor_SMD:L_1206_3216Metric</footprint>
      <datasheet>~</datasheet>
      <libsource lib="Device" part="Ferrite_Bead_Small" description="Ferrite bead, small symbol"/>
      <sheetpath names="/" tstamps="/"/>
      <tstamp>6022906F</tstamp>
    </comp>
    <comp ref="J3">
      <value>USB_B_Micro</value>
      <footprint>Connector_USB:USB_Micro-B_Molex-105017-0001</footprint>
      <datasheet>~</datasheet>
      <libsource lib="Connector" part="USB_B_Micro" description="USB Micro Type B connector"/>
      <sheetpath names="/" tstamps="/"/>
      <tstamp>604ACDB6</tstamp>
    </comp>
    <comp ref="R27">
      <value>33</value>
      <footprint>Resistor_SMD:R_0402_1005Metric</footprint>
      <datasheet>~</datasheet>
      <libsource lib="Device" part="R_Small" description="Resistor, small symbol"/>
      <sheetpath names="/" tstamps="/"/>
      <tstamp>607C6C9A</tstamp>
    </comp>
    <comp ref="LED1">
      <value>BLUE</value>
      <footprint>LED_SMD:LED_0603_1608Metric</footprint>
      <datasheet>~</datasheet>
      <libsource lib="Device" part="LED_Small" description="Light emitting diode, small symbol"/>
      <sheetpath names="/" tstamps="/"/>
      <tstamp>607C6C86</tstamp>
    </comp>
    <comp ref="R28">
      <value>470</value>
      <footprint>Resistor_SMD:R_0603_1608Metric</footprint>
      <datasheet>~</datasheet>
      <libsource lib="Device" part="R_Small" description="Resistor, small symbol"/>
      <sheetpath names="/" tstamps="/"/>
      <tstamp>607C6C80</tstamp>
    </comp>
    <comp ref="Q6">
      <value>Q_NPN_BCE</value>
      <footprint>Package_TO_SOT_SMD:SOT-23</footprint>
      <datasheet>~</datasheet>
      <libsource lib="Device" part="Q_NPN_BCE" description="NPN transistor, base/collector/emitter"/>
      <sheetpath names="/" tstamps="/"/>
      <tstamp>607C6C7A</tstamp>
    </comp>
    <comp ref="R25">
      <value>33</value>
      <footprint>Resistor_SMD:R_0402_1005Metric</footprint>
      <datasheet>~</datasheet>
      <libsource lib="Device" part="R_Small" description="Resistor, small symbol"/>
      <sheetpath names="/" tstamps="/"/>
      <tstamp>607BAB0E</tstamp>
    </comp>
    <comp ref="LED2">
      <value>RED</value>
      <footprint>LED_SMD:LED_0603_1608Metric</footprint>
      <datasheet>~</datasheet>
      <libsource lib="Device" part="LED_Small" description="Light emitting diode, small symbol"/>
      <sheetpath names="/" tstamps="/"/>
      <tstamp>607BAAFA</tstamp>
    </comp>
    <comp ref="R26">
      <value>470</value>
      <footprint>Resistor_SMD:R_0603_1608Metric</footprint>
      <datasheet>~</datasheet>
      <libsource lib="Device" part="R_Small" description="Resistor, small symbol"/>
      <sheetpath names="/" tstamps="/"/>
      <tstamp>607BAAF4</tstamp>
    </comp>
    <comp ref="Q5">
      <value>Q_NPN_BCE</value>
      <footprint>Package_TO_SOT_SMD:SOT-23</footprint>
      <datasheet>~</datasheet>
      <libsource lib="Device" part="Q_NPN_BCE" description="NPN transistor, base/collector/emitter"/>
      <sheetpath names="/" tstamps="/"/>
      <tstamp>607BAAEE</tstamp>
    </comp>
    <comp ref="R23">
      <value>33</value>
      <footprint>Resistor_SMD:R_0402_1005Metric</footprint>
      <datasheet>~</datasheet>
      <libsource lib="Device" part="R_Small" description="Resistor, small symbol"/>
      <sheetpath names="/" tstamps="/"/>
      <tstamp>607B5E59</tstamp>
    </comp>
    <comp ref="LED3">
      <value>GREEN</value>
      <footprint>LED_SMD:LED_0603_1608Metric</footprint>
      <datasheet>~</datasheet>
      <libsource lib="Device" part="LED_Small" description="Light emitting diode, small symbol"/>
      <sheetpath names="/" tstamps="/"/>
      <tstamp>607A772E</tstamp>
    </comp>
    <comp ref="R24">
      <value>470</value>
      <footprint>Resistor_SMD:R_0603_1608Metric</footprint>
      <datasheet>~</datasheet>
      <libsource lib="Device" part="R_Small" description="Resistor, small symbol"/>
      <sheetpath names="/" tstamps="/"/>
      <tstamp>607A5849</tstamp>
    </comp>
    <comp ref="Q4">
      <value>Q_NPN_BCE</value>
      <footprint>Package_TO_SOT_SMD:SOT-23</footprint>
      <datasheet>~</datasheet>
      <libsource lib="Device" part="Q_NPN_BCE" description="NPN transistor, base/collector/emitter"/>
      <sheetpath names="/" tstamps="/"/>
      <tstamp>607A33E6</tstamp>
    </comp>
    <comp ref="U3">
      <value>USBLC6-2SC6</value>
      <footprint>Package_TO_SOT_SMD:SOT-23-6</footprint>
      <datasheet>http://www2.st.com/resource/en/datasheet/CD00050750.pdf</datasheet>
      <libsource lib="Power_Protection" part="USBLC6-2SC6" description="Bidirectional ESD Protection Diode, SOT-23-6"/>
      <sheetpath names="/" tstamps="/"/>
      <tstamp>604D6969</tstamp>
    </comp>
    <comp ref="R35">
      <value>1k</value>
      <footprint>Resistor_SMD:R_0603_1608Metric</footprint>
      <datasheet>~</datasheet>
      <libsource lib="Device" part="R_Small" description="Resistor, small symbol"/>
      <sheetpath names="/" tstamps="/"/>
      <tstamp>615EC6CE</tstamp>
    </comp>
    <comp ref="PWR3">
      <value>GREEN</value>
      <footprint>LED_SMD:LED_0603_1608Metric</footprint>
      <datasheet>~</datasheet>
      <libsource lib="Device" part="LED_Small" description="Light emitting diode, small symbol"/>
      <sheetpath names="/" tstamps="/"/>
      <tstamp>615EC6DA</tstamp>
    </comp>
    <comp ref="J1">
      <value>Power input</value>
      <footprint>Extra Components:5mm Pitch, 2 Way Terminal Block</footprint>
      <datasheet>~</datasheet>
      <libsource lib="Connector" part="Screw_Terminal_01x02" description="Generic screw terminal, single row, 01x02, script generated (kicad-library-utils/schlib/autogen/connector/)"/>
      <sheetpath names="/" tstamps="/"/>
      <tstamp>61627931</tstamp>
    </comp>
    <comp ref="U8">
      <value>LM335ADT</value>
      <footprint>Package_SO:SOIC-8-1EP_3.9x4.9mm_P1.27mm_EP2.29x3mm</footprint>
      <libsource lib="Extra Components" part="LM335ADT" description=""/>
      <sheetpath names="/" tstamps="/"/>
      <tstamp>6164C72A</tstamp>
    </comp>
    <comp ref="TEMP_SENSE1">
      <value>5001</value>
      <footprint>Extra Components:5001 Test Point</footprint>
      <libsource lib="Extra Components" part="5001" description=""/>
      <sheetpath names="/" tstamps="/"/>
      <tstamp>6035F161</tstamp>
    </comp>
    <comp ref="J5">
      <value>Signal 1</value>
      <footprint>Extra Components:5mm Pitch, 2 Way Terminal Block</footprint>
      <datasheet>~</datasheet>
      <libsource lib="Connector" part="Screw_Terminal_01x02" description="Generic screw terminal, single row, 01x02, script generated (kicad-library-utils/schlib/autogen/connector/)"/>
      <sheetpath names="/" tstamps="/"/>
      <tstamp>6085EEA1</tstamp>
    </comp>
    <comp ref="R18">
      <value>1k</value>
      <footprint>Resistor_SMD:R_0402_1005Metric</footprint>
      <datasheet>~</datasheet>
      <libsource lib="Device" part="R_Small" description="Resistor, small symbol"/>
      <sheetpath names="/" tstamps="/"/>
      <tstamp>6085EE8B</tstamp>
    </comp>
    <comp ref="R16">
      <value>1k</value>
      <footprint>Resistor_SMD:R_0402_1005Metric</footprint>
      <datasheet>~</datasheet>
      <libsource lib="Device" part="R_Small" description="Resistor, small symbol"/>
      <sheetpath names="/" tstamps="/"/>
      <tstamp>6085EE71</tstamp>
    </comp>
    <comp ref="R17">
      <value>1k</value>
      <footprint>Resistor_SMD:R_0402_1005Metric</footprint>
      <datasheet>~</datasheet>
      <libsource lib="Device" part="R_Small" description="Resistor, small symbol"/>
      <sheetpath names="/" tstamps="/"/>
      <tstamp>6085EE52</tstamp>
    </comp>
    <comp ref="C28">
      <value>10u</value>
      <footprint>Capacitor_SMD:C_0402_1005Metric</footprint>
      <datasheet>~</datasheet>
      <libsource lib="Device" part="C_Small" description="Unpolarized capacitor, small symbol"/>
      <sheetpath names="/" tstamps="/"/>
      <tstamp>6085EE4C</tstamp>
    </comp>
    <comp ref="PWR2">
      <value>GREEN</value>
      <footprint>LED_SMD:LED_0603_1608Metric</footprint>
      <datasheet>~</datasheet>
      <libsource lib="Device" part="LED_Small" description="Light emitting diode, small symbol"/>
      <sheetpath names="/" tstamps="/"/>
      <tstamp>6035F732</tstamp>
    </comp>
    <comp ref="R6">
      <value>1k</value>
      <footprint>Resistor_SMD:R_0603_1608Metric</footprint>
      <datasheet>~</datasheet>
      <libsource lib="Device" part="R_Small" description="Resistor, small symbol"/>
      <sheetpath names="/" tstamps="/"/>
      <tstamp>60360DB4</tstamp>
    </comp>
    <comp ref="PWR1">
      <value>GREEN</value>
      <footprint>LED_SMD:LED_0603_1608Metric</footprint>
      <datasheet>~</datasheet>
      <libsource lib="Device" part="LED_Small" description="Light emitting diode, small symbol"/>
      <sheetpath names="/" tstamps="/"/>
      <tstamp>6031020B</tstamp>
    </comp>
    <comp ref="R36">
      <value>1k</value>
      <footprint>Resistor_SMD:R_0603_1608Metric</footprint>
      <datasheet>~</datasheet>
      <libsource lib="Device" part="R_Small" description="Resistor, small symbol"/>
      <sheetpath names="/" tstamps="/"/>
      <tstamp>60310217</tstamp>
    </comp>
    <comp ref="PS2">
      <value>AMS1117-3.3</value>
      <footprint>Package_TO_SOT_SMD:SOT-223-3_TabPin2</footprint>
      <datasheet>http://www.advanced-monolithic.com/pdf/ds1117.pdf</datasheet>
      <libsource lib="Regulator_Linear" part="AMS1117-3.3" description="1A Low Dropout regulator, positive, 3.3V fixed output, SOT-223"/>
      <sheetpath names="/" tstamps="/"/>
      <tstamp>6036B396</tstamp>
    </comp>
    <comp ref="C9">
      <value>0.1u</value>
      <footprint>Capacitor_SMD:C_0603_1608Metric</footprint>
      <datasheet>~</datasheet>
      <libsource lib="Device" part="C_Small" description="Unpolarized capacitor, small symbol"/>
      <sheetpath names="/" tstamps="/"/>
      <tstamp>603715F6</tstamp>
    </comp>
    <comp ref="C10">
      <value>10u</value>
      <footprint>Capacitor_SMD:C_0603_1608Metric</footprint>
      <datasheet>~</datasheet>
      <libsource lib="Device" part="C_Small" description="Unpolarized capacitor, small symbol"/>
      <sheetpath names="/" tstamps="/"/>
      <tstamp>603723E9</tstamp>
    </comp>
    <comp ref="C8">
      <value>0.1u</value>
      <footprint>Capacitor_SMD:C_0603_1608Metric</footprint>
      <datasheet>~</datasheet>
      <libsource lib="Device" part="C_Small" description="Unpolarized capacitor, small symbol"/>
      <sheetpath names="/" tstamps="/"/>
      <tstamp>60372653</tstamp>
    </comp>
    <comp ref="C7">
      <value>10u</value>
      <footprint>Capacitor_SMD:C_0603_1608Metric</footprint>
      <datasheet>~</datasheet>
      <libsource lib="Device" part="C_Small" description="Unpolarized capacitor, small symbol"/>
      <sheetpath names="/" tstamps="/"/>
      <tstamp>60372D15</tstamp>
    </comp>
    <comp ref="U4">
      <value>OPA1602</value>
      <footprint>Package_SO:SOP-8_3.9x4.9mm_P1.27mm</footprint>
      <datasheet>http://www.ti.com/lit/ds/symlink/opa1604.pdf</datasheet>
      <libsource lib="Amplifier_Operational" part="OPA1602" description="Dual SoundPlus High Performance, Bipolar-Input Audio Operational Amplifiers, SOIC-8/MSOP-8"/>
      <sheetpath names="/" tstamps="/"/>
      <tstamp>604A648B</tstamp>
    </comp>
    <comp ref="C27">
      <value>10u</value>
      <footprint>Capacitor_SMD:C_0402_1005Metric</footprint>
      <datasheet>~</datasheet>
      <libsource lib="Device" part="C_Small" description="Unpolarized capacitor, small symbol"/>
      <sheetpath names="/" tstamps="/"/>
      <tstamp>6085EE5F</tstamp>
    </comp>
    <comp ref="R15">
      <value>1k</value>
      <footprint>Resistor_SMD:R_0402_1005Metric</footprint>
      <datasheet>~</datasheet>
      <libsource lib="Device" part="R_Small" description="Resistor, small symbol"/>
      <sheetpath names="/" tstamps="/"/>
      <tstamp>6085EE65</tstamp>
    </comp>
    <comp ref="J12">
      <value>Signal 2</value>
      <footprint>Extra Components:5mm Pitch, 2 Way Terminal Block</footprint>
      <datasheet>~</datasheet>
      <libsource lib="Connector" part="Screw_Terminal_01x02" description="Generic screw terminal, single row, 01x02, script generated (kicad-library-utils/schlib/autogen/connector/)"/>
      <sheetpath names="/" tstamps="/"/>
      <tstamp>607192B2</tstamp>
    </comp>
    <comp ref="R3">
      <value>1k</value>
      <footprint>Resistor_SMD:R_0402_1005Metric</footprint>
      <datasheet>~</datasheet>
      <libsource lib="Device" part="R_Small" description="Resistor, small symbol"/>
      <sheetpath names="/" tstamps="/"/>
      <tstamp>607192BE</tstamp>
    </comp>
    <comp ref="R4">
      <value>1k</value>
      <footprint>Resistor_SMD:R_0402_1005Metric</footprint>
      <datasheet>~</datasheet>
      <libsource lib="Device" part="R_Small" description="Resistor, small symbol"/>
      <sheetpath names="/" tstamps="/"/>
      <tstamp>607192D1</tstamp>
    </comp>
    <comp ref="R1">
      <value>1k</value>
      <footprint>Resistor_SMD:R_0402_1005Metric</footprint>
      <datasheet>~</datasheet>
      <libsource lib="Device" part="R_Small" description="Resistor, small symbol"/>
      <sheetpath names="/" tstamps="/"/>
      <tstamp>607192DD</tstamp>
    </comp>
    <comp ref="C29">
      <value>10u</value>
      <footprint>Capacitor_SMD:C_0402_1005Metric</footprint>
      <datasheet>~</datasheet>
      <libsource lib="Device" part="C_Small" description="Unpolarized capacitor, small symbol"/>
      <sheetpath names="/" tstamps="/"/>
      <tstamp>607192E3</tstamp>
    </comp>
    <comp ref="U5">
      <value>OPA1602</value>
      <footprint>Package_SO:SOP-8_3.9x4.9mm_P1.27mm</footprint>
      <datasheet>http://www.ti.com/lit/ds/symlink/opa1604.pdf</datasheet>
      <libsource lib="Amplifier_Operational" part="OPA1602" description="Dual SoundPlus High Performance, Bipolar-Input Audio Operational Amplifiers, SOIC-8/MSOP-8"/>
      <sheetpath names="/" tstamps="/"/>
      <tstamp>607192E9</tstamp>
    </comp>
    <comp ref="C30">
      <value>10u</value>
      <footprint>Capacitor_SMD:C_0402_1005Metric</footprint>
      <datasheet>~</datasheet>
      <libsource lib="Device" part="C_Small" description="Unpolarized capacitor, small symbol"/>
      <sheetpath names="/" tstamps="/"/>
      <tstamp>607192FB</tstamp>
    </comp>
    <comp ref="R2">
      <value>1k</value>
      <footprint>Resistor_SMD:R_0402_1005Metric</footprint>
      <datasheet>~</datasheet>
      <libsource lib="Device" part="R_Small" description="Resistor, small symbol"/>
      <sheetpath names="/" tstamps="/"/>
      <tstamp>60719301</tstamp>
    </comp>
    <comp ref="U6">
      <value>USBLC6-2SC6</value>
      <footprint>Package_TO_SOT_SMD:SOT-23-6</footprint>
      <datasheet>http://www2.st.com/resource/en/datasheet/CD00050750.pdf</datasheet>
      <libsource lib="Power_Protection" part="USBLC6-2SC6" description="Bidirectional ESD Protection Diode, SOT-23-6"/>
      <sheetpath names="/" tstamps="/"/>
      <tstamp>6064378F</tstamp>
    </comp>
    <comp ref="U7">
      <value>USBLC6-2SC6</value>
      <footprint>Package_TO_SOT_SMD:SOT-23-6</footprint>
      <datasheet>http://www2.st.com/resource/en/datasheet/CD00050750.pdf</datasheet>
      <libsource lib="Power_Protection" part="USBLC6-2SC6" description="Bidirectional ESD Protection Diode, SOT-23-6"/>
      <sheetpath names="/" tstamps="/"/>
      <tstamp>606D6722</tstamp>
    </comp>
    <comp ref="U10">
      <value>USBLC6-2SC6</value>
      <footprint>Package_TO_SOT_SMD:SOT-23-6</footprint>
      <datasheet>http://www2.st.com/resource/en/datasheet/CD00050750.pdf</datasheet>
      <libsource lib="Power_Protection" part="USBLC6-2SC6" description="Bidirectional ESD Protection Diode, SOT-23-6"/>
      <sheetpath names="/" tstamps="/"/>
      <tstamp>607E22D1</tstamp>
    </comp>
    <comp ref="U11">
      <value>USBLC6-2SC6</value>
      <footprint>Package_TO_SOT_SMD:SOT-23-6</footprint>
      <datasheet>http://www2.st.com/resource/en/datasheet/CD00050750.pdf</datasheet>
      <libsource lib="Power_Protection" part="USBLC6-2SC6" description="Bidirectional ESD Protection Diode, SOT-23-6"/>
      <sheetpath names="/" tstamps="/"/>
      <tstamp>607EF672</tstamp>
    </comp>
    <comp ref="C22">
      <value>2.2u</value>
      <footprint>Capacitor_SMD:C_0402_1005Metric</footprint>
      <datasheet>~</datasheet>
      <libsource lib="Device" part="C_Small" description="Unpolarized capacitor, small symbol"/>
      <sheetpath names="/" tstamps="/"/>
      <tstamp>60B5079F</tstamp>
    </comp>
    <comp ref="C23">
      <value>2.2u</value>
      <footprint>Capacitor_SMD:C_0402_1005Metric</footprint>
      <datasheet>~</datasheet>
      <libsource lib="Device" part="C_Small" description="Unpolarized capacitor, small symbol"/>
      <sheetpath names="/" tstamps="/"/>
      <tstamp>60B507A5</tstamp>
    </comp>
    <comp ref="U1">
      <value>STM32F429VGT6</value>
      <footprint>Package_QFP:LQFP-100_14x14mm_P0.5mm</footprint>
      <datasheet>http://www.st.com/st-web-ui/static/active/en/resource/technical/document/datasheet/DM00071990.pdf</datasheet>
      <libsource lib="MCU_ST_STM32F4" part="STM32F427VITx" description="ARM Cortex-M4 MCU, 2048KB flash, 192KB RAM, 180MHz, 1.8-3.6V, 82 GPIO, LQFP-100"/>
      <sheetpath names="/" tstamps="/"/>
      <tstamp>60C214EE</tstamp>
    </comp>
    <comp ref="SW2">
      <value>SW_SPDT</value>
      <footprint>Button_Switch_SMD:SW_SPDT_PCM12</footprint>
      <datasheet>~</datasheet>
      <libsource lib="Switch" part="SW_SPDT" description="Switch, single pole double throw"/>
      <sheetpath names="/" tstamps="/"/>
      <tstamp>6109EB1F</tstamp>
    </comp>
    <comp ref="R5">
      <value>10k</value>
      <footprint>Resistor_SMD:R_0402_1005Metric</footprint>
      <datasheet>~</datasheet>
      <libsource lib="Device" part="R_Small" description="Resistor, small symbol"/>
      <sheetpath names="/" tstamps="/"/>
      <tstamp>6109EB25</tstamp>
    </comp>
    <comp ref="U9">
      <value>USBLC6-2SC6</value>
      <footprint>Package_TO_SOT_SMD:SOT-23-6</footprint>
      <datasheet>http://www2.st.com/resource/en/datasheet/CD00050750.pdf</datasheet>
      <libsource lib="Power_Protection" part="USBLC6-2SC6" description="Bidirectional ESD Protection Diode, SOT-23-6"/>
      <sheetpath names="/" tstamps="/"/>
      <tstamp>605796EE</tstamp>
    </comp>
    <comp ref="R14">
      <value>10k</value>
      <footprint>Resistor_SMD:R_0402_1005Metric</footprint>
      <datasheet>~</datasheet>
      <libsource lib="Device" part="R_Small" description="Resistor, small symbol"/>
      <sheetpath names="/" tstamps="/"/>
      <tstamp>619C96A3</tstamp>
    </comp>
    <comp ref="R19">
      <value>10k</value>
      <footprint>Resistor_SMD:R_0402_1005Metric</footprint>
      <datasheet>~</datasheet>
      <libsource lib="Device" part="R_Small" description="Resistor, small symbol"/>
      <sheetpath names="/" tstamps="/"/>
      <tstamp>619C9AB5</tstamp>
    </comp>
    <comp ref="R20">
      <value>10k</value>
      <footprint>Resistor_SMD:R_0402_1005Metric</footprint>
      <datasheet>~</datasheet>
      <libsource lib="Device" part="R_Small" description="Resistor, small symbol"/>
      <sheetpath names="/" tstamps="/"/>
      <tstamp>619C9C21</tstamp>
    </comp>
    <comp ref="R38">
      <value>33</value>
      <footprint>Resistor_SMD:R_0402_1005Metric</footprint>
      <datasheet>~</datasheet>
      <libsource lib="Device" part="R_Small" description="Resistor, small symbol"/>
      <sheetpath names="/" tstamps="/"/>
      <tstamp>61B59CCE</tstamp>
    </comp>
    <comp ref="LED4">
      <value>RED</value>
      <footprint>LED_SMD:LED_0603_1608Metric</footprint>
      <datasheet>~</datasheet>
      <libsource lib="Device" part="LED_Small" description="Light emitting diode, small symbol"/>
      <sheetpath names="/" tstamps="/"/>
      <tstamp>61B59CE2</tstamp>
    </comp>
    <comp ref="R22">
      <value>470</value>
      <footprint>Resistor_SMD:R_0603_1608Metric</footprint>
      <datasheet>~</datasheet>
      <libsource lib="Device" part="R_Small" description="Resistor, small symbol"/>
      <sheetpath names="/" tstamps="/"/>
      <tstamp>61B59CE8</tstamp>
    </comp>
    <comp ref="Q8">
      <value>Q_NPN_BCE</value>
      <footprint>Package_TO_SOT_SMD:SOT-23</footprint>
      <datasheet>~</datasheet>
      <libsource lib="Device" part="Q_NPN_BCE" description="NPN transistor, base/collector/emitter"/>
      <sheetpath names="/" tstamps="/"/>
      <tstamp>61B59CEE</tstamp>
    </comp>
    <comp ref="R37">
      <value>33</value>
      <footprint>Resistor_SMD:R_0402_1005Metric</footprint>
      <datasheet>~</datasheet>
      <libsource lib="Device" part="R_Small" description="Resistor, small symbol"/>
      <sheetpath names="/" tstamps="/"/>
      <tstamp>61B59CF4</tstamp>
    </comp>
    <comp ref="LED5">
      <value>GREEN</value>
      <footprint>LED_SMD:LED_0603_1608Metric</footprint>
      <datasheet>~</datasheet>
      <libsource lib="Device" part="LED_Small" description="Light emitting diode, small symbol"/>
      <sheetpath names="/" tstamps="/"/>
      <tstamp>61B59D08</tstamp>
    </comp>
    <comp ref="R21">
      <value>470</value>
      <footprint>Resistor_SMD:R_0603_1608Metric</footprint>
      <datasheet>~</datasheet>
      <libsource lib="Device" part="R_Small" description="Resistor, small symbol"/>
      <sheetpath names="/" tstamps="/"/>
      <tstamp>61B59D0E</tstamp>
    </comp>
    <comp ref="Q7">
      <value>Q_NPN_BCE</value>
      <footprint>Package_TO_SOT_SMD:SOT-23</footprint>
      <datasheet>~</datasheet>
      <libsource lib="Device" part="Q_NPN_BCE" description="NPN transistor, base/collector/emitter"/>
      <sheetpath names="/" tstamps="/"/>
      <tstamp>61B59D14</tstamp>
    </comp>
    <comp ref="J2">
      <value>RS485_1</value>
      <footprint>Extra Components:5mm Pitch, 2 Way Terminal Block</footprint>
      <libsource lib="Waveform Generator-cache" part="Connector_Screw_Terminal_01x02" description=""/>
      <sheetpath names="/" tstamps="/"/>
      <tstamp>61C54E94</tstamp>
    </comp>
    <comp ref="J7">
      <value>RS485_2</value>
      <footprint>Extra Components:5mm Pitch, 2 Way Terminal Block</footprint>
      <libsource lib="Waveform Generator-cache" part="Connector_Screw_Terminal_01x02" description=""/>
      <sheetpath names="/" tstamps="/"/>
      <tstamp>61C57494</tstamp>
    </comp>
    <comp ref="J9">
      <value>ADC_1</value>
      <footprint>Extra Components:5mm Pitch, 2 Way Terminal Block</footprint>
      <libsource lib="Waveform Generator-cache" part="Connector_Screw_Terminal_01x02" description=""/>
      <sheetpath names="/" tstamps="/"/>
      <tstamp>61CA7E34</tstamp>
    </comp>
    <comp ref="J19">
      <value>ADC_2</value>
      <footprint>Extra Components:5mm Pitch, 2 Way Terminal Block</footprint>
      <libsource lib="Waveform Generator-cache" part="Connector_Screw_Terminal_01x02" description=""/>
      <sheetpath names="/" tstamps="/"/>
      <tstamp>61CA7E3A</tstamp>
    </comp>
    <comp ref="J8">
      <value>USART1_1</value>
      <footprint>Extra Components:5mm Pitch, 2 Way Terminal Block</footprint>
      <libsource lib="Waveform Generator-cache" part="Connector_Screw_Terminal_01x02" description=""/>
      <sheetpath names="/" tstamps="/"/>
      <tstamp>61CB77CA</tstamp>
    </comp>
    <comp ref="J10">
      <value>USART1_2</value>
      <footprint>Extra Components:5mm Pitch, 2 Way Terminal Block</footprint>
      <libsource lib="Waveform Generator-cache" part="Connector_Screw_Terminal_01x02" description=""/>
      <sheetpath names="/" tstamps="/"/>
      <tstamp>61CB77D0</tstamp>
    </comp>
    <comp ref="J20">
      <value>TIMER_1</value>
      <footprint>Extra Components:5mm Pitch, 2 Way Terminal Block</footprint>
      <libsource lib="Waveform Generator-cache" part="Connector_Screw_Terminal_01x02" description=""/>
      <sheetpath names="/" tstamps="/"/>
      <tstamp>61CC7440</tstamp>
    </comp>
    <comp ref="J22">
      <value>TIMER_2</value>
      <footprint>Extra Components:5mm Pitch, 2 Way Terminal Block</footprint>
      <libsource lib="Waveform Generator-cache" part="Connector_Screw_Terminal_01x02" description=""/>
      <sheetpath names="/" tstamps="/"/>
      <tstamp>61CC7446</tstamp>
    </comp>
    <comp ref="J21">
      <value>I2C1_1</value>
      <footprint>Extra Components:5mm Pitch, 2 Way Terminal Block</footprint>
      <libsource lib="Waveform Generator-cache" part="Connector_Screw_Terminal_01x02" description=""/>
      <sheetpath names="/" tstamps="/"/>
      <tstamp>61CD70FE</tstamp>
    </comp>
    <comp ref="J23">
      <value>I2C1_2</value>
      <footprint>Extra Components:5mm Pitch, 2 Way Terminal Block</footprint>
      <libsource lib="Waveform Generator-cache" part="Connector_Screw_Terminal_01x02" description=""/>
      <sheetpath names="/" tstamps="/"/>
      <tstamp>61CD7104</tstamp>
    </comp>
    <comp ref="R39">
      <value>120</value>
      <footprint>Resistor_SMD:R_0603_1608Metric</footprint>
      <datasheet>~</datasheet>
      <libsource lib="Device" part="R_Small" description="Resistor, small symbol"/>
      <sheetpath names="/" tstamps="/"/>
      <tstamp>61E023C8</tstamp>
    </comp>
    <comp ref="D11">
      <value>BLUE</value>
      <footprint>LED_SMD:LED_0603_1608Metric</footprint>
      <datasheet>~</datasheet>
      <libsource lib="Device" part="LED_Small" description="Light emitting diode, small symbol"/>
      <sheetpath names="/" tstamps="/"/>
      <tstamp>62355C03</tstamp>
    </comp>
    <comp ref="R11">
      <value>1k</value>
      <footprint>Resistor_SMD:R_0402_1005Metric</footprint>
      <datasheet>~</datasheet>
      <libsource lib="Device" part="R_Small" description="Resistor, small symbol"/>
      <sheetpath names="/" tstamps="/"/>
      <tstamp>60EC8C3B</tstamp>
    </comp>
    <comp ref="Q1">
      <value>Q_NPN_BCE</value>
      <footprint>Package_TO_SOT_SMD:SOT-23</footprint>
      <datasheet>~</datasheet>
      <libsource lib="Device" part="Q_NPN_BCE" description="NPN transistor, base/collector/emitter"/>
      <sheetpath names="/" tstamps="/"/>
      <tstamp>60EC531A</tstamp>
    </comp>
    <comp ref="BTN0">
      <value>RESET Button</value>
      <footprint>Extra Components:TS-1109S-B-B</footprint>
      <datasheet>~</datasheet>
      <libsource lib="Switch" part="SW_Push" description="Push button switch, generic, two pins"/>
      <sheetpath names="/" tstamps="/"/>
      <tstamp>6028E938</tstamp>
    </comp>
    <comp ref="GND1">
      <value>5001</value>
      <footprint>Extra Components:5001 Test Point</footprint>
      <libsource lib="Extra Components" part="5001" description=""/>
      <sheetpath names="/" tstamps="/"/>
      <tstamp>603B19CE</tstamp>
    </comp>
    <comp ref="DAC_OUT_1">
      <value>5001</value>
      <footprint>Extra Components:5001 Test Point</footprint>
      <libsource lib="Extra Components" part="5001" description=""/>
      <sheetpath names="/" tstamps="/"/>
      <tstamp>6085EE9A</tstamp>
    </comp>
    <comp ref="DAC_OUT_2">
      <value>5001</value>
      <footprint>Extra Components:5001 Test Point</footprint>
      <libsource lib="Extra Components" part="5001" description=""/>
      <sheetpath names="/" tstamps="/"/>
      <tstamp>60719318</tstamp>
    </comp>
    <comp ref="RS485_A1">
      <value>5001</value>
      <footprint>Extra Components:5001 Test Point</footprint>
      <libsource lib="Extra Components" part="5001" description=""/>
      <sheetpath names="/" tstamps="/"/>
      <tstamp>602D3514</tstamp>
    </comp>
    <comp ref="3V3">
      <value>5001</value>
      <footprint>Extra Components:5001 Test Point</footprint>
      <libsource lib="Extra Components" part="5001" description=""/>
      <sheetpath names="/" tstamps="/"/>
      <tstamp>60330D7E</tstamp>
    </comp>
    <comp ref="5V1">
      <value>5001</value>
      <footprint>Extra Components:5001 Test Point</footprint>
      <libsource lib="Extra Components" part="5001" description=""/>
      <sheetpath names="/" tstamps="/"/>
      <tstamp>6030FC76</tstamp>
    </comp>
    <comp ref="RS485_B1">
      <value>5001</value>
      <footprint>Extra Components:5001 Test Point</footprint>
      <libsource lib="Extra Components" part="5001" description=""/>
      <sheetpath names="/" tstamps="/"/>
      <tstamp>602D06EE</tstamp>
    </comp>
  </components>
  <libparts>
    <libpart lib="Amplifier_Operational" part="LM2904">
      <aliases>
        <alias>LM358</alias>
        <alias>AD8620</alias>
        <alias>LMC6062</alias>
        <alias>LMC6082</alias>
        <alias>TL062</alias>
        <alias>TL072</alias>
        <alias>TL082</alias>
        <alias>NE5532</alias>
        <alias>SA5532</alias>
        <alias>RC4558</alias>
        <alias>RC4560</alias>
        <alias>RC4580</alias>
        <alias>LMV358</alias>
        <alias>TS912</alias>
        <alias>TSV912IDT</alias>
        <alias>TSV912IST</alias>
        <alias>TLC272</alias>
        <alias>TLC277</alias>
        <alias>MCP602</alias>
        <alias>OPA1678</alias>
        <alias>OPA2134</alias>
        <alias>OPA2340</alias>
        <alias>OPA2376xxD</alias>
        <alias>OPA2376xxDGK</alias>
        <alias>MC33078</alias>
        <alias>MC33178</alias>
        <alias>LM4562</alias>
        <alias>OP249</alias>
        <alias>OP275</alias>
        <alias>ADA4075-2</alias>
        <alias>MCP6002-xP</alias>
        <alias>MCP6002-xSN</alias>
        <alias>MCP6002-xMS</alias>
        <alias>LM7332</alias>
        <alias>OPA2333xxD</alias>
        <alias>OPA2333xxDGK</alias>
        <alias>LMC6482</alias>
        <alias>LT1492</alias>
        <alias>LTC6081xMS8</alias>
        <alias>LM6172</alias>
        <alias>MCP6L92</alias>
        <alias>NJM2043</alias>
        <alias>NJM2114</alias>
        <alias>NJM4556A</alias>
        <alias>NJM4558</alias>
        <alias>NJM4559</alias>
        <alias>NJM4560</alias>
        <alias>NJM4580</alias>
        <alias>NJM5532</alias>
        <alias>ADA4807-2ARM</alias>
        <alias>OPA2691</alias>
        <alias>LT6234</alias>
        <alias>OPA2356xxD</alias>
        <alias>OPA2356xxDGK</alias>
        <alias>OPA1612AxD</alias>
        <alias>MC33172</alias>
        <alias>OPA1602</alias>
        <alias>TLV2372</alias>
        <alias>LT6237</alias>
        <alias>OPA2277</alias>
      </aliases>
      <description>Dual Operational Amplifiers, DIP-8/SOIC-8/TSSOP-8/VSSOP-8</description>
      <docs>http://www.ti.com/lit/ds/symlink/lm358.pdf</docs>
      <footprints>
        <fp>SOIC*3.9x4.9mm*P1.27mm*</fp>
        <fp>DIP*W7.62mm*</fp>
        <fp>TO*99*</fp>
        <fp>OnSemi*Micro8*</fp>
        <fp>TSSOP*3x3mm*P0.65mm*</fp>
        <fp>TSSOP*4.4x3mm*P0.65mm*</fp>
        <fp>MSOP*3x3mm*P0.65mm*</fp>
        <fp>SSOP*3.9x4.9mm*P0.635mm*</fp>
        <fp>LFCSP*2x2mm*P0.5mm*</fp>
        <fp>*SIP*</fp>
        <fp>SOIC*5.3x6.2mm*P1.27mm*</fp>
      </footprints>
      <fields>
        <field name="Reference">U</field>
        <field name="Value">LM2904</field>
      </fields>
      <pins>
        <pin num="1" name="~" type="output"/>
        <pin num="2" name="-" type="input"/>
        <pin num="3" name="+" type="input"/>
        <pin num="4" name="V-" type="power_in"/>
        <pin num="5" name="+" type="input"/>
        <pin num="6" name="-" type="input"/>
        <pin num="7" name="~" type="output"/>
        <pin num="8" name="V+" type="power_in"/>
      </pins>
    </libpart>
    <libpart lib="Connector" part="Screw_Terminal_01x02">
      <description>Generic screw terminal, single row, 01x02, script generated (kicad-library-utils/schlib/autogen/connector/)</description>
      <docs>~</docs>
      <footprints>
        <fp>TerminalBlock*:*</fp>
      </footprints>
      <fields>
        <field name="Reference">J</field>
        <field name="Value">Screw_Terminal_01x02</field>
      </fields>
      <pins>
        <pin num="1" name="Pin_1" type="passive"/>
        <pin num="2" name="Pin_2" type="passive"/>
      </pins>
    </libpart>
    <libpart lib="Connector" part="USB_B_Micro">
      <aliases>
        <alias>USB_B_Mini</alias>
      </aliases>
      <description>USB Micro Type B connector</description>
      <docs>~</docs>
      <footprints>
        <fp>USB*</fp>
      </footprints>
      <fields>
        <field name="Reference">J</field>
        <field name="Value">USB_B_Micro</field>
      </fields>
      <pins>
        <pin num="1" name="VBUS" type="power_out"/>
        <pin num="2" name="D-" type="passive"/>
        <pin num="3" name="D+" type="passive"/>
        <pin num="4" name="ID" type="passive"/>
        <pin num="5" name="GND" type="power_out"/>
        <pin num="6" name="Shield" type="passive"/>
      </pins>
    </libpart>
    <libpart lib="Connector_Generic" part="Conn_02x05_Odd_Even">
      <description>Generic connector, double row, 02x05, odd/even pin numbering scheme (row 1 odd numbers, row 2 even numbers), script generated (kicad-library-utils/schlib/autogen/connector/)</description>
      <docs>~</docs>
      <footprints>
        <fp>Connector*:*_2x??_*</fp>
      </footprints>
      <fields>
        <field name="Reference">J</field>
        <field name="Value">Conn_02x05_Odd_Even</field>
      </fields>
      <pins>
        <pin num="1" name="Pin_1" type="passive"/>
        <pin num="2" name="Pin_2" type="passive"/>
        <pin num="3" name="Pin_3" type="passive"/>
        <pin num="4" name="Pin_4" type="passive"/>
        <pin num="5" name="Pin_5" type="passive"/>
        <pin num="6" name="Pin_6" type="passive"/>
        <pin num="7" name="Pin_7" type="passive"/>
        <pin num="8" name="Pin_8" type="passive"/>
        <pin num="9" name="Pin_9" type="passive"/>
        <pin num="10" name="Pin_10" type="passive"/>
      </pins>
    </libpart>
    <libpart lib="Device" part="C_Small">
      <description>Unpolarized capacitor, small symbol</description>
      <docs>~</docs>
      <footprints>
        <fp>C_*</fp>
      </footprints>
      <fields>
        <field name="Reference">C</field>
        <field name="Value">C_Small</field>
      </fields>
      <pins>
        <pin num="1" name="~" type="passive"/>
        <pin num="2" name="~" type="passive"/>
      </pins>
    </libpart>
    <libpart lib="Device" part="Crystal_GND24_Small">
      <description>Four pin crystal, GND on pins 2 and 4, small symbol</description>
      <docs>~</docs>
      <footprints>
        <fp>Crystal*</fp>
      </footprints>
      <fields>
        <field name="Reference">Y</field>
        <field name="Value">Crystal_GND24_Small</field>
      </fields>
      <pins>
        <pin num="1" name="1" type="passive"/>
        <pin num="2" name="2" type="passive"/>
        <pin num="3" name="3" type="passive"/>
        <pin num="4" name="4" type="passive"/>
      </pins>
    </libpart>
    <libpart lib="Device" part="D_Schottky_Small">
      <description>Schottky diode, small symbol</description>
      <docs>~</docs>
      <footprints>
        <fp>TO-???*</fp>
        <fp>*_Diode_*</fp>
        <fp>*SingleDiode*</fp>
        <fp>D_*</fp>
      </footprints>
      <fields>
        <field name="Reference">D</field>
        <field name="Value">D_Schottky_Small</field>
      </fields>
      <pins>
        <pin num="1" name="K" type="passive"/>
        <pin num="2" name="A" type="passive"/>
      </pins>
    </libpart>
    <libpart lib="Device" part="Ferrite_Bead_Small">
      <description>Ferrite bead, small symbol</description>
      <docs>~</docs>
      <footprints>
        <fp>Inductor_*</fp>
        <fp>L_*</fp>
        <fp>*Ferrite*</fp>
      </footprints>
      <fields>
        <field name="Reference">FB</field>
        <field name="Value">Ferrite_Bead_Small</field>
      </fields>
      <pins>
        <pin num="1" name="~" type="passive"/>
        <pin num="2" name="~" type="passive"/>
      </pins>
    </libpart>
    <libpart lib="Device" part="LED_Small">
      <description>Light emitting diode, small symbol</description>
      <docs>~</docs>
      <footprints>
        <fp>LED*</fp>
        <fp>LED_SMD:*</fp>
        <fp>LED_THT:*</fp>
      </footprints>
      <fields>
        <field name="Reference">D</field>
        <field name="Value">LED_Small</field>
      </fields>
      <pins>
        <pin num="1" name="K" type="passive"/>
        <pin num="2" name="A" type="passive"/>
      </pins>
    </libpart>
    <libpart lib="Device" part="Polyfuse_Small">
      <description>Resettable fuse, polymeric positive temperature coefficient, small symbol</description>
      <docs>~</docs>
      <footprints>
        <fp>*polyfuse*</fp>
        <fp>*PTC*</fp>
      </footprints>
      <fields>
        <field name="Reference">F</field>
        <field name="Value">Polyfuse_Small</field>
      </fields>
      <pins>
        <pin num="1" name="~" type="passive"/>
        <pin num="2" name="~" type="passive"/>
      </pins>
    </libpart>
    <libpart lib="Device" part="Q_NPN_BCE">
      <description>NPN transistor, base/collector/emitter</description>
      <docs>~</docs>
      <fields>
        <field name="Reference">Q</field>
        <field name="Value">Q_NPN_BCE</field>
      </fields>
      <pins>
        <pin num="1" name="B" type="input"/>
        <pin num="2" name="C" type="passive"/>
        <pin num="3" name="E" type="passive"/>
      </pins>
    </libpart>
    <libpart lib="Device" part="Q_PNP_BCE">
      <description>PNP transistor, base/collector/emitter</description>
      <docs>~</docs>
      <fields>
        <field name="Reference">Q</field>
        <field name="Value">Q_PNP_BCE</field>
      </fields>
      <pins>
        <pin num="1" name="B" type="input"/>
        <pin num="2" name="C" type="passive"/>
        <pin num="3" name="E" type="passive"/>
      </pins>
    </libpart>
    <libpart lib="Device" part="R_Small">
      <description>Resistor, small symbol</description>
      <docs>~</docs>
      <footprints>
        <fp>R_*</fp>
      </footprints>
      <fields>
        <field name="Reference">R</field>
        <field name="Value">R_Small</field>
      </fields>
      <pins>
        <pin num="1" name="~" type="passive"/>
        <pin num="2" name="~" type="passive"/>
      </pins>
    </libpart>
    <libpart lib="Extra Components" part="5001">
      <fields>
        <field name="Reference">J</field>
        <field name="Value">5001</field>
      </fields>
      <pins>
        <pin num="1" name="~" type="input"/>
      </pins>
    </libpart>
    <libpart lib="Extra Components" part="ITP0312D05">
      <fields>
        <field name="Reference">PS</field>
        <field name="Value">ITP0312D05</field>
      </fields>
      <pins>
        <pin num="1" name="IN-" type="input"/>
        <pin num="2" name="IN+" type="input"/>
        <pin num="4" name="OUT+" type="input"/>
        <pin num="5" name="0V" type="input"/>
        <pin num="6" name="OUT-" type="input"/>
      </pins>
    </libpart>
    <libpart lib="Extra Components" part="LM335ADT">
      <fields>
        <field name="Reference">U</field>
        <field name="Value">LM335ADT</field>
      </fields>
      <pins>
        <pin num="1" name="~" type="NotConnected"/>
        <pin num="2" name="~" type="NotConnected"/>
        <pin num="3" name="~" type="NotConnected"/>
        <pin num="4" name="V-" type="power_in"/>
        <pin num="5" name="ADJ" type="output"/>
        <pin num="6" name="~" type="NotConnected"/>
        <pin num="7" name="~" type="NotConnected"/>
        <pin num="8" name="V+" type="power_in"/>
      </pins>
    </libpart>
    <libpart lib="Interface_UART" part="MAX481E">
      <aliases>
        <alias>MAX483E</alias>
        <alias>MAX485E</alias>
        <alias>MAX487E</alias>
        <alias>MAX1487E</alias>
        <alias>MAX3485</alias>
        <alias>MAX3483</alias>
        <alias>MAX3486</alias>
      </aliases>
      <description>Half duplex RS-485/RS-422, 2.5 Mbps, ±15kV electro-static discharge (ESD) protection, no slew-rate, with low-power shutdown, with receiver/driver enable, 32 receiver drive kapacitity, DIP-8 and SOIC-8</description>
      <docs>https://datasheets.maximintegrated.com/en/ds/MAX1487E-MAX491E.pdf</docs>
      <footprints>
        <fp>DIP*W7.62mm*</fp>
        <fp>SOIC*3.9x4.9mm*P1.27mm*</fp>
      </footprints>
      <fields>
        <field name="Reference">U</field>
        <field name="Value">MAX481E</field>
      </fields>
      <pins>
        <pin num="1" name="RO" type="output"/>
        <pin num="2" name="~RE" type="input"/>
        <pin num="3" name="DE" type="input"/>
        <pin num="4" name="DI" type="input"/>
        <pin num="5" name="GND" type="power_in"/>
        <pin num="6" name="A" type="BiDi"/>
        <pin num="7" name="B" type="BiDi"/>
        <pin num="8" name="VCC" type="power_in"/>
      </pins>
    </libpart>
    <libpart lib="MCU_ST_STM32F4" part="STM32F427VGTx">
      <aliases>
        <alias>STM32F427VITx</alias>
      </aliases>
      <description>ARM Cortex-M4 MCU, 1024KB flash, 192KB RAM, 180MHz, 1.8-3.6V, 82 GPIO, LQFP-100</description>
      <docs>http://www.st.com/st-web-ui/static/active/en/resource/technical/document/datasheet/DM00071990.pdf</docs>
      <footprints>
        <fp>LQFP*14x14mm*P0.5mm*</fp>
      </footprints>
      <fields>
        <field name="Reference">U</field>
        <field name="Value">STM32F427VGTx</field>
        <field name="Footprint">Package_QFP:LQFP-100_14x14mm_P0.5mm</field>
      </fields>
      <pins>
        <pin num="1" name="PE2" type="BiDi"/>
        <pin num="2" name="PE3" type="BiDi"/>
        <pin num="3" name="PE4" type="BiDi"/>
        <pin num="4" name="PE5" type="BiDi"/>
        <pin num="5" name="PE6" type="BiDi"/>
        <pin num="6" name="VBAT" type="power_in"/>
        <pin num="7" name="PC13" type="BiDi"/>
        <pin num="8" name="PC14" type="BiDi"/>
        <pin num="9" name="PC15" type="BiDi"/>
        <pin num="10" name="VSS" type="power_in"/>
        <pin num="11" name="VDD" type="power_in"/>
        <pin num="12" name="PH0" type="input"/>
        <pin num="13" name="PH1" type="input"/>
        <pin num="14" name="NRST" type="input"/>
        <pin num="15" name="PC0" type="BiDi"/>
        <pin num="16" name="PC1" type="BiDi"/>
        <pin num="17" name="PC2" type="BiDi"/>
        <pin num="18" name="PC3" type="BiDi"/>
        <pin num="19" name="VDD" type="power_in"/>
        <pin num="20" name="VSSA" type="power_in"/>
        <pin num="21" name="VREF+" type="power_in"/>
        <pin num="22" name="VDDA" type="power_in"/>
        <pin num="23" name="PA0" type="BiDi"/>
        <pin num="24" name="PA1" type="BiDi"/>
        <pin num="25" name="PA2" type="BiDi"/>
        <pin num="26" name="PA3" type="BiDi"/>
        <pin num="27" name="VSS" type="power_in"/>
        <pin num="28" name="VDD" type="power_in"/>
        <pin num="29" name="PA4" type="BiDi"/>
        <pin num="30" name="PA5" type="BiDi"/>
        <pin num="31" name="PA6" type="BiDi"/>
        <pin num="32" name="PA7" type="BiDi"/>
        <pin num="33" name="PC4" type="BiDi"/>
        <pin num="34" name="PC5" type="BiDi"/>
        <pin num="35" name="PB0" type="BiDi"/>
        <pin num="36" name="PB1" type="BiDi"/>
        <pin num="37" name="PB2" type="BiDi"/>
        <pin num="38" name="PE7" type="BiDi"/>
        <pin num="39" name="PE8" type="BiDi"/>
        <pin num="40" name="PE9" type="BiDi"/>
        <pin num="41" name="PE10" type="BiDi"/>
        <pin num="42" name="PE11" type="BiDi"/>
        <pin num="43" name="PE12" type="BiDi"/>
        <pin num="44" name="PE13" type="BiDi"/>
        <pin num="45" name="PE14" type="BiDi"/>
        <pin num="46" name="PE15" type="BiDi"/>
        <pin num="47" name="PB10" type="BiDi"/>
        <pin num="48" name="PB11" type="BiDi"/>
        <pin num="49" name="VCAP_1" type="power_in"/>
        <pin num="50" name="VDD" type="power_in"/>
        <pin num="51" name="PB12" type="BiDi"/>
        <pin num="52" name="PB13" type="BiDi"/>
        <pin num="53" name="PB14" type="BiDi"/>
        <pin num="54" name="PB15" type="BiDi"/>
        <pin num="55" name="PD8" type="BiDi"/>
        <pin num="56" name="PD9" type="BiDi"/>
        <pin num="57" name="PD10" type="BiDi"/>
        <pin num="58" name="PD11" type="BiDi"/>
        <pin num="59" name="PD12" type="BiDi"/>
        <pin num="60" name="PD13" type="BiDi"/>
        <pin num="61" name="PD14" type="BiDi"/>
        <pin num="62" name="PD15" type="BiDi"/>
        <pin num="63" name="PC6" type="BiDi"/>
        <pin num="64" name="PC7" type="BiDi"/>
        <pin num="65" name="PC8" type="BiDi"/>
        <pin num="66" name="PC9" type="BiDi"/>
        <pin num="67" name="PA8" type="BiDi"/>
        <pin num="68" name="PA9" type="BiDi"/>
        <pin num="69" name="PA10" type="BiDi"/>
        <pin num="70" name="PA11" type="BiDi"/>
        <pin num="71" name="PA12" type="BiDi"/>
        <pin num="72" name="PA13" type="BiDi"/>
        <pin num="73" name="VCAP_2" type="power_in"/>
        <pin num="74" name="VSS" type="power_in"/>
        <pin num="75" name="VDD" type="power_in"/>
        <pin num="76" name="PA14" type="BiDi"/>
        <pin num="77" name="PA15" type="BiDi"/>
        <pin num="78" name="PC10" type="BiDi"/>
        <pin num="79" name="PC11" type="BiDi"/>
        <pin num="80" name="PC12" type="BiDi"/>
        <pin num="81" name="PD0" type="BiDi"/>
        <pin num="82" name="PD1" type="BiDi"/>
        <pin num="83" name="PD2" type="BiDi"/>
        <pin num="84" name="PD3" type="BiDi"/>
        <pin num="85" name="PD4" type="BiDi"/>
        <pin num="86" name="PD5" type="BiDi"/>
        <pin num="87" name="PD6" type="BiDi"/>
        <pin num="88" name="PD7" type="BiDi"/>
        <pin num="89" name="PB3" type="BiDi"/>
        <pin num="90" name="PB4" type="BiDi"/>
        <pin num="91" name="PB5" type="BiDi"/>
        <pin num="92" name="PB6" type="BiDi"/>
        <pin num="93" name="PB7" type="BiDi"/>
        <pin num="94" name="BOOT0" type="input"/>
        <pin num="95" name="PB8" type="BiDi"/>
        <pin num="96" name="PB9" type="BiDi"/>
        <pin num="97" name="PE0" type="BiDi"/>
        <pin num="98" name="PE1" type="BiDi"/>
        <pin num="99" name="VSS" type="power_in"/>
        <pin num="100" name="VDD" type="power_in"/>
      </pins>
    </libpart>
    <libpart lib="Mechanical" part="MountingHole_Pad">
      <description>Mounting Hole with connection</description>
      <docs>~</docs>
      <footprints>
        <fp>MountingHole*Pad*</fp>
      </footprints>
      <fields>
        <field name="Reference">H</field>
        <field name="Value">MountingHole_Pad</field>
      </fields>
      <pins>
        <pin num="1" name="1" type="input"/>
      </pins>
    </libpart>
    <libpart lib="Power_Protection" part="USBLC6-2SC6">
      <description>Bidirectional ESD Protection Diode, SOT-23-6</description>
      <docs>http://www2.st.com/resource/en/datasheet/CD00050750.pdf</docs>
      <footprints>
        <fp>SOT?23*</fp>
      </footprints>
      <fields>
        <field name="Reference">U</field>
        <field name="Value">USBLC6-2SC6</field>
        <field name="Footprint">Package_TO_SOT_SMD:SOT-23-6</field>
      </fields>
      <pins>
        <pin num="1" name="IO1" type="passive"/>
        <pin num="2" name="GND" type="passive"/>
        <pin num="3" name="IO2" type="passive"/>
        <pin num="4" name="IO2" type="passive"/>
        <pin num="5" name="VBUS" type="passive"/>
        <pin num="6" name="IO1" type="passive"/>
      </pins>
    </libpart>
    <libpart lib="Regulator_Linear" part="AP1117-15">
      <aliases>
        <alias>AP1117-18</alias>
        <alias>AP1117-25</alias>
        <alias>AP1117-33</alias>
        <alias>AP1117-50</alias>
        <alias>LD1117S33TR_SOT223</alias>
        <alias>LD1117S12TR_SOT223</alias>
        <alias>LD1117S18TR_SOT223</alias>
        <alias>LD1117S25TR_SOT223</alias>
        <alias>LD1117S50TR_SOT223</alias>
        <alias>NCP1117-12_SOT223</alias>
        <alias>NCP1117-1.5_SOT223</alias>
        <alias>NCP1117-1.8_SOT223</alias>
        <alias>NCP1117-2.0_SOT223</alias>
        <alias>NCP1117-2.5_SOT223</alias>
        <alias>NCP1117-2.85_SOT223</alias>
        <alias>NCP1117-3.3_SOT223</alias>
        <alias>NCP1117-5.0_SOT223</alias>
        <alias>AMS1117-1.5</alias>
        <alias>AMS1117-1.8</alias>
        <alias>AMS1117-2.5</alias>
        <alias>AMS1117-2.85</alias>
        <alias>AMS1117-3.3</alias>
        <alias>AMS1117-5.0</alias>
      </aliases>
      <description>1A Low Dropout regulator, positive, 1.5V fixed output, SOT-223</description>
      <docs>http://www.diodes.com/datasheets/AP1117.pdf</docs>
      <footprints>
        <fp>SOT?223*TabPin2*</fp>
      </footprints>
      <fields>
        <field name="Reference">U</field>
        <field name="Value">AP1117-15</field>
        <field name="Footprint">Package_TO_SOT_SMD:SOT-223-3_TabPin2</field>
      </fields>
      <pins>
        <pin num="1" name="GND" type="power_in"/>
        <pin num="2" name="VO" type="power_out"/>
        <pin num="3" name="VI" type="power_in"/>
      </pins>
    </libpart>
    <libpart lib="Switch" part="SW_Push">
      <description>Push button switch, generic, two pins</description>
      <docs>~</docs>
      <fields>
        <field name="Reference">SW</field>
        <field name="Value">SW_Push</field>
      </fields>
      <pins>
        <pin num="1" name="1" type="passive"/>
        <pin num="2" name="2" type="passive"/>
      </pins>
    </libpart>
    <libpart lib="Switch" part="SW_SPDT">
      <description>Switch, single pole double throw</description>
      <docs>~</docs>
      <fields>
        <field name="Reference">SW</field>
        <field name="Value">SW_SPDT</field>
      </fields>
      <pins>
        <pin num="1" name="A" type="passive"/>
        <pin num="2" name="B" type="passive"/>
        <pin num="3" name="C" type="passive"/>
      </pins>
    </libpart>
    <libpart lib="Transistor_FET" part="TP0610T">
      <aliases>
        <alias>VP0610T</alias>
        <alias>BSS84</alias>
        <alias>NTR2101P</alias>
        <alias>BSS83P</alias>
        <alias>Si2319CDS</alias>
        <alias>IRLML6402</alias>
        <alias>DMG2301L</alias>
        <alias>AO3401A</alias>
        <alias>IRLML9301</alias>
        <alias>IRLML5203</alias>
        <alias>Si2371EDS</alias>
      </aliases>
      <description>-0.18A Id, -60V Vds, P-Channel MOSFET, SOT-23</description>
      <docs>http://www.vishay.com/docs/70209/70209.pdf</docs>
      <footprints>
        <fp>SOT?23*</fp>
      </footprints>
      <fields>
        <field name="Reference">Q</field>
        <field name="Value">TP0610T</field>
        <field name="Footprint">Package_TO_SOT_SMD:SOT-23</field>
      </fields>
      <pins>
        <pin num="1" name="G" type="input"/>
        <pin num="2" name="S" type="passive"/>
        <pin num="3" name="D" type="passive"/>
      </pins>
    </libpart>
    <libpart lib="Waveform Generator-cache" part="Connector_Screw_Terminal_01x02">
      <footprints>
        <fp>TerminalBlock*:*</fp>
      </footprints>
      <fields>
        <field name="Reference">J</field>
        <field name="Value">Connector_Screw_Terminal_01x02</field>
      </fields>
      <pins>
        <pin num="1" name="Pin_1" type="passive"/>
        <pin num="2" name="Pin_2" type="passive"/>
      </pins>
    </libpart>
  </libparts>
  <libraries>
    <library logical="Amplifier_Operational">
      <uri>C:\Program Files\KiCad\share\kicad\library/Amplifier_Operational.lib</uri>
    </library>
    <library logical="Connector">
      <uri>C:\Program Files\KiCad\share\kicad\library/Connector.lib</uri>
    </library>
    <library logical="Connector_Generic">
      <uri>C:\Program Files\KiCad\share\kicad\library/Connector_Generic.lib</uri>
    </library>
    <library logical="Device">
      <uri>C:\Program Files\KiCad\share\kicad\library/Device.lib</uri>
    </library>
    <library logical="Extra Components">
      <uri>C:\Users\Nanodyn - Spare\OneDrive - Nanodyn\Desktop\GIT repository\Waveform-generator\PCB\Version 1.0\Waveform Generator\PCB files/Extra Components.lib</uri>
    </library>
    <library logical="Interface_UART">
      <uri>C:\Program Files\KiCad\share\kicad\library/Interface_UART.lib</uri>
    </library>
    <library logical="MCU_ST_STM32F4">
      <uri>C:\Program Files\KiCad\share\kicad\library/MCU_ST_STM32F4.lib</uri>
    </library>
    <library logical="Mechanical">
      <uri>C:\Program Files\KiCad\share\kicad\library/Mechanical.lib</uri>
    </library>
    <library logical="Power_Protection">
      <uri>C:\Program Files\KiCad\share\kicad\library/Power_Protection.lib</uri>
    </library>
    <library logical="Regulator_Linear">
      <uri>C:\Program Files\KiCad\share\kicad\library/Regulator_Linear.lib</uri>
    </library>
    <library logical="Switch">
      <uri>C:\Program Files\KiCad\share\kicad\library/Switch.lib</uri>
    </library>
    <library logical="Transistor_FET">
      <uri>C:\Program Files\KiCad\share\kicad\library/Transistor_FET.lib</uri>
    </library>
    <library logical="Waveform Generator-cache">
      <uri>C:\Users\Nanodyn - Spare\OneDrive - Nanodyn\Desktop\GIT repository\Waveform-generator\PCB\Version 1.0\Waveform Generator\PCB files/Waveform Generator-cache.lib</uri>
    </library>
  </libraries>
  <nets>
    <net code="1" name="SWDIO">
      <node ref="U1" pin="72"/>
      <node ref="R29" pin="1"/>
    </net>
    <net code="2" name="Net-(U1-Pad32)">
      <node ref="U1" pin="32"/>
    </net>
    <net code="3" name="TIM3_CH1">
      <node ref="U10" pin="3"/>
      <node ref="U1" pin="31"/>
    </net>
    <net code="4" name="DAC_OUT2">
      <node ref="R2" pin="2"/>
      <node ref="U1" pin="30"/>
    </net>
    <net code="5" name="DAC_OUT1">
      <node ref="R15" pin="2"/>
      <node ref="U1" pin="29"/>
    </net>
    <net code="6" name="USART2_RX">
      <node ref="U1" pin="26"/>
      <node ref="U2" pin="1"/>
    </net>
    <net code="7" name="USART2_TX">
      <node ref="U1" pin="25"/>
      <node ref="U2" pin="4"/>
    </net>
    <net code="8" name="Net-(U1-Pad77)">
      <node ref="U1" pin="77"/>
    </net>
    <net code="9" name="SWCLK">
      <node ref="U1" pin="76"/>
      <node ref="R30" pin="1"/>
    </net>
    <net code="10" name="USB_D+">
      <node ref="U3" pin="1"/>
      <node ref="U1" pin="71"/>
    </net>
    <net code="11" name="USB_D-">
      <node ref="U1" pin="70"/>
      <node ref="U3" pin="3"/>
    </net>
    <net code="12" name="USB_ID">
      <node ref="J3" pin="4"/>
      <node ref="U1" pin="69"/>
    </net>
    <net code="13" name="ADC1_IN1">
      <node ref="U1" pin="24"/>
      <node ref="U7" pin="1"/>
    </net>
    <net code="14" name="ADC2_IN0">
      <node ref="U7" pin="3"/>
      <node ref="U1" pin="23"/>
    </net>
    <net code="15" name="NRST">
      <node ref="R32" pin="1"/>
      <node ref="BTN0" pin="1"/>
      <node ref="U1" pin="14"/>
      <node ref="C24" pin="2"/>
      <node ref="C31" pin="1"/>
    </net>
    <net code="16" name="BOOT0">
      <node ref="R13" pin="2"/>
      <node ref="U1" pin="94"/>
    </net>
    <net code="17" name="Net-(C22-Pad1)">
      <node ref="U1" pin="49"/>
      <node ref="C22" pin="1"/>
    </net>
    <net code="18" name="+3.3VA">
      <node ref="U1" pin="22"/>
      <node ref="U1" pin="21"/>
      <node ref="C21" pin="2"/>
      <node ref="C20" pin="1"/>
      <node ref="FB2" pin="2"/>
    </net>
    <net code="19" name="Net-(C23-Pad1)">
      <node ref="U1" pin="73"/>
      <node ref="C23" pin="1"/>
    </net>
    <net code="20" name="Net-(J20-Pad2)">
      <node ref="J20" pin="2"/>
      <node ref="U10" pin="6"/>
    </net>
    <net code="21" name="Net-(J23-Pad1)">
      <node ref="J23" pin="1"/>
      <node ref="R33" pin="1"/>
      <node ref="U11" pin="4"/>
    </net>
    <net code="22" name="+5V">
      <node ref="U6" pin="5"/>
      <node ref="C8" pin="1"/>
      <node ref="5V1" pin="1"/>
      <node ref="Q3" pin="3"/>
      <node ref="J2" pin="1"/>
      <node ref="U8" pin="8"/>
      <node ref="PS2" pin="3"/>
      <node ref="U4" pin="8"/>
      <node ref="U5" pin="8"/>
      <node ref="U10" pin="5"/>
      <node ref="U11" pin="5"/>
      <node ref="C7" pin="1"/>
      <node ref="FB1" pin="2"/>
      <node ref="U7" pin="5"/>
      <node ref="R8" pin="1"/>
      <node ref="U9" pin="5"/>
    </net>
    <net code="23" name="Net-(U1-Pad67)">
      <node ref="U1" pin="67"/>
    </net>
    <net code="24" name="GND">
      <node ref="U5" pin="5"/>
      <node ref="C5" pin="1"/>
      <node ref="BTN2" pin="2"/>
      <node ref="GND1" pin="1"/>
      <node ref="C21" pin="1"/>
      <node ref="C6" pin="1"/>
      <node ref="J22" pin="2"/>
      <node ref="J10" pin="2"/>
      <node ref="C31" pin="2"/>
      <node ref="C3" pin="2"/>
      <node ref="C4" pin="2"/>
      <node ref="C20" pin="2"/>
      <node ref="J23" pin="2"/>
      <node ref="C26" pin="1"/>
      <node ref="C25" pin="1"/>
      <node ref="R35" pin="2"/>
      <node ref="C12" pin="1"/>
      <node ref="J1" pin="1"/>
      <node ref="BTN1" pin="2"/>
      <node ref="R20" pin="2"/>
      <node ref="C13" pin="1"/>
      <node ref="U4" pin="5"/>
      <node ref="BTN0" pin="2"/>
      <node ref="C11" pin="1"/>
      <node ref="Q1" pin="3"/>
      <node ref="X1" pin="2"/>
      <node ref="X1" pin="4"/>
      <node ref="C15" pin="2"/>
      <node ref="C18" pin="2"/>
      <node ref="C16" pin="2"/>
      <node ref="C17" pin="2"/>
      <node ref="C14" pin="2"/>
      <node ref="C24" pin="1"/>
      <node ref="U1" pin="10"/>
      <node ref="U1" pin="27"/>
      <node ref="U1" pin="74"/>
      <node ref="U1" pin="99"/>
      <node ref="U1" pin="20"/>
      <node ref="C19" pin="2"/>
      <node ref="BTN3" pin="2"/>
      <node ref="Q0" pin="1"/>
      <node ref="J19" pin="2"/>
      <node ref="U9" pin="2"/>
      <node ref="SW2" pin="3"/>
      <node ref="SW3" pin="3"/>
      <node ref="C7" pin="2"/>
      <node ref="C1" pin="2"/>
      <node ref="U6" pin="2"/>
      <node ref="U10" pin="2"/>
      <node ref="U7" pin="2"/>
      <node ref="U11" pin="2"/>
      <node ref="J5" pin="2"/>
      <node ref="U5" pin="3"/>
      <node ref="PS1" pin="1"/>
      <node ref="H4" pin="1"/>
      <node ref="H3" pin="1"/>
      <node ref="H2" pin="1"/>
      <node ref="H1" pin="1"/>
      <node ref="PS1" pin="5"/>
      <node ref="C2" pin="1"/>
      <node ref="U4" pin="3"/>
      <node ref="J12" pin="2"/>
      <node ref="U2" pin="5"/>
      <node ref="Q7" pin="3"/>
      <node ref="J7" pin="2"/>
      <node ref="Q5" pin="3"/>
      <node ref="C23" pin="2"/>
      <node ref="U8" pin="4"/>
      <node ref="R19" pin="2"/>
      <node ref="R14" pin="2"/>
      <node ref="C22" pin="2"/>
      <node ref="Q2" pin="3"/>
      <node ref="R6" pin="2"/>
      <node ref="J3" pin="5"/>
      <node ref="Q4" pin="3"/>
      <node ref="Q6" pin="3"/>
      <node ref="U3" pin="2"/>
      <node ref="C8" pin="2"/>
      <node ref="Q8" pin="3"/>
      <node ref="R36" pin="2"/>
      <node ref="C10" pin="2"/>
      <node ref="C9" pin="2"/>
    </net>
    <net code="25" name="LED5">
      <node ref="U1" pin="62"/>
      <node ref="R37" pin="2"/>
    </net>
    <net code="26" name="Net-(U1-Pad56)">
      <node ref="U1" pin="56"/>
    </net>
    <net code="27" name="Net-(U1-Pad55)">
      <node ref="U1" pin="55"/>
    </net>
    <net code="28" name="Net-(U1-Pad88)">
      <node ref="U1" pin="88"/>
    </net>
    <net code="29" name="Net-(U1-Pad87)">
      <node ref="U1" pin="87"/>
    </net>
    <net code="30" name="Net-(U1-Pad86)">
      <node ref="U1" pin="86"/>
    </net>
    <net code="31" name="Net-(U1-Pad84)">
      <node ref="U1" pin="84"/>
    </net>
    <net code="32" name="Net-(U1-Pad83)">
      <node ref="U1" pin="83"/>
    </net>
    <net code="33" name="Net-(U1-Pad97)">
      <node ref="U1" pin="97"/>
    </net>
    <net code="34" name="LED4">
      <node ref="U1" pin="61"/>
      <node ref="R38" pin="2"/>
    </net>
    <net code="35" name="LED3">
      <node ref="R23" pin="2"/>
      <node ref="U1" pin="60"/>
    </net>
    <net code="36" name="LED2">
      <node ref="U1" pin="59"/>
      <node ref="R25" pin="2"/>
    </net>
    <net code="37" name="LED1">
      <node ref="R27" pin="2"/>
      <node ref="U1" pin="58"/>
    </net>
    <net code="38" name="Net-(U1-Pad57)">
      <node ref="U1" pin="57"/>
    </net>
    <net code="39" name="Net-(U1-Pad82)">
      <node ref="U1" pin="82"/>
    </net>
    <net code="40" name="Net-(U1-Pad81)">
      <node ref="U1" pin="81"/>
    </net>
    <net code="41" name="Net-(U1-Pad1)">
      <node ref="U1" pin="1"/>
    </net>
    <net code="42" name="HSE_IN">
      <node ref="U1" pin="12"/>
      <node ref="C25" pin="2"/>
      <node ref="X1" pin="1"/>
    </net>
    <net code="43" name="TIM1_CH1">
      <node ref="U1" pin="40"/>
      <node ref="U10" pin="1"/>
    </net>
    <net code="44" name="Net-(U1-Pad39)">
      <node ref="U1" pin="39"/>
    </net>
    <net code="45" name="Net-(U1-Pad38)">
      <node ref="U1" pin="38"/>
    </net>
    <net code="46" name="Net-(U1-Pad5)">
      <node ref="U1" pin="5"/>
    </net>
    <net code="47" name="Net-(U1-Pad4)">
      <node ref="U1" pin="4"/>
    </net>
    <net code="48" name="Net-(U1-Pad3)">
      <node ref="U1" pin="3"/>
    </net>
    <net code="49" name="Net-(U1-Pad2)">
      <node ref="U1" pin="2"/>
    </net>
    <net code="50" name="Net-(U1-Pad66)">
      <node ref="U1" pin="66"/>
    </net>
    <net code="51" name="Net-(U1-Pad46)">
      <node ref="U1" pin="46"/>
    </net>
    <net code="52" name="Net-(U1-Pad45)">
      <node ref="U1" pin="45"/>
    </net>
    <net code="53" name="Net-(U1-Pad44)">
      <node ref="U1" pin="44"/>
    </net>
    <net code="54" name="Net-(U1-Pad43)">
      <node ref="U1" pin="43"/>
    </net>
    <net code="55" name="Net-(U1-Pad42)">
      <node ref="U1" pin="42"/>
    </net>
    <net code="56" name="Net-(U1-Pad41)">
      <node ref="U1" pin="41"/>
    </net>
    <net code="57" name="Net-(U1-Pad98)">
      <node ref="U1" pin="98"/>
    </net>
    <net code="58" name="Net-(U1-Pad53)">
      <node ref="U1" pin="53"/>
    </net>
    <net code="59" name="Net-(U1-Pad95)">
      <node ref="U1" pin="95"/>
    </net>
    <net code="60" name="USART1_RX">
      <node ref="U6" pin="3"/>
      <node ref="U1" pin="93"/>
    </net>
    <net code="61" name="I2C1_SCL">
      <node ref="U1" pin="92"/>
      <node ref="U11" pin="3"/>
    </net>
    <net code="62" name="Net-(U1-Pad91)">
      <node ref="U1" pin="91"/>
    </net>
    <net code="63" name="Net-(U1-Pad90)">
      <node ref="U1" pin="90"/>
    </net>
    <net code="64" name="SW0">
      <node ref="R31" pin="1"/>
      <node ref="U1" pin="89"/>
    </net>
    <net code="65" name="BOOT1">
      <node ref="R5" pin="2"/>
      <node ref="U1" pin="37"/>
    </net>
    <net code="66" name="Net-(U1-Pad54)">
      <node ref="U1" pin="54"/>
    </net>
    <net code="67" name="I2C1_SDA">
      <node ref="U11" pin="1"/>
      <node ref="U1" pin="96"/>
    </net>
    <net code="68" name="Net-(U1-Pad52)">
      <node ref="U1" pin="52"/>
    </net>
    <net code="69" name="Net-(U1-Pad51)">
      <node ref="U1" pin="51"/>
    </net>
    <net code="70" name="Net-(U1-Pad48)">
      <node ref="U1" pin="48"/>
    </net>
    <net code="71" name="Net-(U1-Pad47)">
      <node ref="U1" pin="47"/>
    </net>
    <net code="72" name="Net-(U1-Pad36)">
      <node ref="U1" pin="36"/>
    </net>
    <net code="73" name="Net-(U1-Pad35)">
      <node ref="U1" pin="35"/>
    </net>
    <net code="74" name="USART1_TX">
      <node ref="U1" pin="68"/>
      <node ref="U6" pin="1"/>
    </net>
    <net code="75" name="MAX485_PWR">
      <node ref="R7" pin="2"/>
      <node ref="U1" pin="15"/>
    </net>
    <net code="76" name="Net-(U1-Pad16)">
      <node ref="U1" pin="16"/>
    </net>
    <net code="77" name="Net-(U1-Pad78)">
      <node ref="U1" pin="78"/>
    </net>
    <net code="78" name="Net-(U1-Pad79)">
      <node ref="U1" pin="79"/>
    </net>
    <net code="79" name="Net-(U1-Pad80)">
      <node ref="U1" pin="80"/>
    </net>
    <net code="80" name="Net-(U1-Pad7)">
      <node ref="U1" pin="7"/>
    </net>
    <net code="81" name="Net-(U1-Pad8)">
      <node ref="U1" pin="8"/>
    </net>
    <net code="82" name="Net-(U1-Pad9)">
      <node ref="U1" pin="9"/>
    </net>
    <net code="83" name="TEMP_SENSE">
      <node ref="U1" pin="17"/>
      <node ref="TEMP_SENSE1" pin="1"/>
      <node ref="U8" pin="5"/>
    </net>
    <net code="84" name="Net-(U1-Pad18)">
      <node ref="U1" pin="18"/>
    </net>
    <net code="85" name="Net-(U1-Pad33)">
      <node ref="U1" pin="33"/>
    </net>
    <net code="86" name="Net-(U1-Pad34)">
      <node ref="U1" pin="34"/>
    </net>
    <net code="87" name="BTN3_Input">
      <node ref="U1" pin="63"/>
      <node ref="BTN3" pin="1"/>
      <node ref="C13" pin="2"/>
    </net>
    <net code="88" name="BTN2_Input">
      <node ref="U1" pin="64"/>
      <node ref="BTN2" pin="1"/>
      <node ref="C12" pin="2"/>
    </net>
    <net code="89" name="BTN1_Input">
      <node ref="U1" pin="65"/>
      <node ref="BTN1" pin="1"/>
      <node ref="C11" pin="2"/>
    </net>
    <net code="90" name="Net-(C29-Pad1)">
      <node ref="R1" pin="1"/>
      <node ref="C29" pin="1"/>
    </net>
    <net code="91" name="Net-(R1-Pad2)">
      <node ref="U5" pin="1"/>
      <node ref="R4" pin="2"/>
      <node ref="R1" pin="2"/>
    </net>
    <net code="92" name="Net-(C30-Pad2)">
      <node ref="R4" pin="1"/>
      <node ref="U5" pin="2"/>
      <node ref="C30" pin="2"/>
    </net>
    <net code="93" name="Net-(C29-Pad2)">
      <node ref="C29" pin="2"/>
      <node ref="R3" pin="2"/>
      <node ref="U5" pin="6"/>
    </net>
    <net code="94" name="-5V">
      <node ref="U5" pin="4"/>
      <node ref="U4" pin="4"/>
      <node ref="PS1" pin="6"/>
      <node ref="C5" pin="2"/>
      <node ref="C6" pin="2"/>
    </net>
    <net code="95" name="Net-(C30-Pad1)">
      <node ref="C30" pin="1"/>
      <node ref="R2" pin="1"/>
    </net>
    <net code="96" name="Net-(R16-Pad2)">
      <node ref="R16" pin="2"/>
      <node ref="R17" pin="2"/>
      <node ref="U4" pin="1"/>
    </net>
    <net code="97" name="Net-(C27-Pad1)">
      <node ref="R15" pin="1"/>
      <node ref="C27" pin="1"/>
    </net>
    <net code="98" name="Net-(DAC_OUT_1-Pad1)">
      <node ref="U4" pin="7"/>
      <node ref="R18" pin="1"/>
      <node ref="U9" pin="3"/>
      <node ref="DAC_OUT_1" pin="1"/>
    </net>
    <net code="99" name="Net-(C27-Pad2)">
      <node ref="C27" pin="2"/>
      <node ref="R16" pin="1"/>
      <node ref="U4" pin="2"/>
    </net>
    <net code="100" name="Net-(J19-Pad1)">
      <node ref="U7" pin="4"/>
      <node ref="J19" pin="1"/>
    </net>
    <net code="101" name="Net-(J9-Pad2)">
      <node ref="J9" pin="2"/>
      <node ref="U7" pin="6"/>
    </net>
    <net code="102" name="Net-(J22-Pad1)">
      <node ref="J22" pin="1"/>
      <node ref="U10" pin="4"/>
    </net>
    <net code="103" name="HSE_OUT">
      <node ref="R12" pin="1"/>
      <node ref="U1" pin="13"/>
    </net>
    <net code="104" name="Net-(J8-Pad2)">
      <node ref="U6" pin="6"/>
      <node ref="J8" pin="2"/>
    </net>
    <net code="105" name="Net-(J10-Pad1)">
      <node ref="J10" pin="1"/>
      <node ref="U6" pin="4"/>
    </net>
    <net code="106" name="Net-(Q8-Pad1)">
      <node ref="R38" pin="1"/>
      <node ref="Q8" pin="1"/>
    </net>
    <net code="107" name="Net-(LED5-Pad2)">
      <node ref="LED5" pin="2"/>
      <node ref="R21" pin="2"/>
    </net>
    <net code="108" name="Net-(LED5-Pad1)">
      <node ref="LED5" pin="1"/>
      <node ref="Q7" pin="2"/>
    </net>
    <net code="109" name="Net-(Q7-Pad1)">
      <node ref="Q7" pin="1"/>
      <node ref="R37" pin="1"/>
    </net>
    <net code="110" name="Net-(LED4-Pad2)">
      <node ref="R22" pin="2"/>
      <node ref="LED4" pin="2"/>
    </net>
    <net code="111" name="Net-(LED4-Pad1)">
      <node ref="Q8" pin="2"/>
      <node ref="LED4" pin="1"/>
    </net>
    <net code="112" name="Net-(J6-Pad9)">
      <node ref="J6" pin="9"/>
      <node ref="R20" pin="1"/>
    </net>
    <net code="113" name="Net-(J6-Pad5)">
      <node ref="R19" pin="1"/>
      <node ref="J6" pin="5"/>
    </net>
    <net code="114" name="Net-(J6-Pad3)">
      <node ref="R14" pin="1"/>
      <node ref="J6" pin="3"/>
    </net>
    <net code="115" name="Net-(J3-Pad3)">
      <node ref="U3" pin="6"/>
      <node ref="J3" pin="3"/>
    </net>
    <net code="116" name="DE">
      <node ref="D11" pin="1"/>
      <node ref="U2" pin="3"/>
      <node ref="Q1" pin="2"/>
    </net>
    <net code="118" name="RE">
      <node ref="U2" pin="2"/>
      <node ref="Q1" pin="1"/>
      <node ref="R11" pin="1"/>
    </net>
    <net code="119" name="USART2_RTS">
      <node ref="U1" pin="85"/>
      <node ref="R11" pin="2"/>
    </net>
    <net code="120" name="Net-(J2-Pad2)">
      <node ref="RS485_B1" pin="1"/>
      <node ref="J2" pin="2"/>
      <node ref="U2" pin="7"/>
      <node ref="R39" pin="1"/>
    </net>
    <net code="121" name="Net-(J7-Pad1)">
      <node ref="J7" pin="1"/>
      <node ref="U2" pin="6"/>
      <node ref="RS485_A1" pin="1"/>
      <node ref="R39" pin="2"/>
    </net>
    <net code="122" name="VBUS">
      <node ref="U3" pin="5"/>
      <node ref="D1" pin="2"/>
      <node ref="J3" pin="1"/>
    </net>
    <net code="123" name="Net-(D11-Pad2)">
      <node ref="R10" pin="2"/>
      <node ref="D11" pin="2"/>
    </net>
    <net code="124" name="Net-(R5-Pad1)">
      <node ref="SW2" pin="2"/>
      <node ref="R5" pin="1"/>
    </net>
    <net code="125" name="+3V3">
      <node ref="U1" pin="50"/>
      <node ref="C19" pin="1"/>
      <node ref="C17" pin="1"/>
      <node ref="U1" pin="28"/>
      <node ref="C18" pin="1"/>
      <node ref="U1" pin="11"/>
      <node ref="U1" pin="19"/>
      <node ref="U1" pin="100"/>
      <node ref="U1" pin="75"/>
      <node ref="R10" pin="1"/>
      <node ref="FB2" pin="1"/>
      <node ref="R28" pin="1"/>
      <node ref="R33" pin="2"/>
      <node ref="R34" pin="2"/>
      <node ref="U1" pin="6"/>
      <node ref="J6" pin="1"/>
      <node ref="R21" pin="1"/>
      <node ref="SW3" pin="1"/>
      <node ref="C16" pin="1"/>
      <node ref="J9" pin="1"/>
      <node ref="SW2" pin="1"/>
      <node ref="R26" pin="1"/>
      <node ref="J21" pin="1"/>
      <node ref="C15" pin="1"/>
      <node ref="C14" pin="1"/>
      <node ref="R24" pin="1"/>
      <node ref="PWR3" pin="2"/>
      <node ref="SW1" pin="1"/>
      <node ref="J20" pin="1"/>
      <node ref="R22" pin="1"/>
      <node ref="J8" pin="1"/>
    </net>
    <net code="126" name="Net-(J3-Pad2)">
      <node ref="J3" pin="2"/>
      <node ref="U3" pin="4"/>
    </net>
    <net code="127" name="Net-(J5-Pad1)">
      <node ref="J5" pin="1"/>
      <node ref="U9" pin="6"/>
    </net>
    <net code="128" name="Net-(J12-Pad1)">
      <node ref="U9" pin="4"/>
      <node ref="J12" pin="1"/>
    </net>
    <net code="129" name="Net-(DAC_OUT_2-Pad1)">
      <node ref="R3" pin="1"/>
      <node ref="U5" pin="7"/>
      <node ref="DAC_OUT_2" pin="1"/>
      <node ref="U9" pin="1"/>
    </net>
    <net code="130" name="Net-(J21-Pad2)">
      <node ref="R34" pin="1"/>
      <node ref="U11" pin="6"/>
      <node ref="J21" pin="2"/>
    </net>
    <net code="131" name="Net-(SW1-Pad3)">
      <node ref="SW1" pin="3"/>
    </net>
    <net code="132" name="Net-(J6-Pad8)">
      <node ref="J6" pin="8"/>
    </net>
    <net code="133" name="Net-(J6-Pad7)">
      <node ref="J6" pin="7"/>
    </net>
    <net code="134" name="Net-(J6-Pad6)">
      <node ref="R31" pin="2"/>
      <node ref="J6" pin="6"/>
    </net>
    <net code="135" name="Net-(J6-Pad4)">
      <node ref="R30" pin="2"/>
      <node ref="J6" pin="4"/>
    </net>
    <net code="136" name="Net-(J6-Pad2)">
      <node ref="R29" pin="2"/>
      <node ref="J6" pin="2"/>
    </net>
    <net code="137" name="Net-(J6-Pad10)">
      <node ref="R32" pin="2"/>
      <node ref="J6" pin="10"/>
    </net>
    <net code="138" name="Net-(R13-Pad1)">
      <node ref="R13" pin="1"/>
      <node ref="SW3" pin="2"/>
    </net>
    <net code="139" name="Net-(C3-Pad1)">
      <node ref="D1" pin="1"/>
      <node ref="C4" pin="1"/>
      <node ref="PS1" pin="4"/>
      <node ref="F1" pin="2"/>
      <node ref="C3" pin="1"/>
      <node ref="PWR1" pin="2"/>
    </net>
    <net code="140" name="Net-(F1-Pad1)">
      <node ref="FB1" pin="1"/>
      <node ref="F1" pin="1"/>
    </net>
    <net code="141" name="Net-(C26-Pad2)">
      <node ref="R12" pin="2"/>
      <node ref="X1" pin="3"/>
      <node ref="C26" pin="2"/>
    </net>
    <net code="142" name="Net-(PWR3-Pad1)">
      <node ref="PWR3" pin="1"/>
      <node ref="R35" pin="1"/>
    </net>
    <net code="143" name="Net-(J3-Pad6)">
      <node ref="J3" pin="6"/>
    </net>
    <net code="144" name="Net-(U8-Pad6)">
      <node ref="U8" pin="6"/>
    </net>
    <net code="145" name="Net-(U8-Pad7)">
      <node ref="U8" pin="7"/>
    </net>
    <net code="146" name="Net-(U8-Pad3)">
      <node ref="U8" pin="3"/>
    </net>
    <net code="147" name="Net-(U8-Pad2)">
      <node ref="U8" pin="2"/>
    </net>
    <net code="148" name="Net-(U8-Pad1)">
      <node ref="U8" pin="1"/>
    </net>
    <net code="149" name="VCC">
      <node ref="Q0" pin="3"/>
      <node ref="J1" pin="2"/>
    </net>
    <net code="150" name="Net-(LED3-Pad2)">
      <node ref="R24" pin="2"/>
      <node ref="LED3" pin="2"/>
    </net>
    <net code="151" name="Net-(LED3-Pad1)">
      <node ref="Q4" pin="2"/>
      <node ref="LED3" pin="1"/>
    </net>
    <net code="152" name="Net-(Q4-Pad1)">
      <node ref="R23" pin="1"/>
      <node ref="Q4" pin="1"/>
    </net>
    <net code="153" name="Net-(Q5-Pad1)">
      <node ref="R25" pin="1"/>
      <node ref="Q5" pin="1"/>
    </net>
    <net code="154" name="Net-(LED2-Pad2)">
      <node ref="R26" pin="2"/>
      <node ref="LED2" pin="2"/>
    </net>
    <net code="155" name="Net-(LED2-Pad1)">
      <node ref="Q5" pin="2"/>
      <node ref="LED2" pin="1"/>
    </net>
    <net code="156" name="Net-(3V3-Pad1)">
      <node ref="3V3" pin="1"/>
      <node ref="SW1" pin="2"/>
      <node ref="PS2" pin="2"/>
      <node ref="PWR2" pin="2"/>
      <node ref="C9" pin="1"/>
      <node ref="C10" pin="1"/>
    </net>
    <net code="157" name="Net-(PS2-Pad1)">
      <node ref="PS2" pin="1"/>
    </net>
    <net code="158" name="Net-(PWR1-Pad1)">
      <node ref="R36" pin="1"/>
      <node ref="PWR1" pin="1"/>
    </net>
    <net code="159" name="Net-(PWR2-Pad1)">
      <node ref="PWR2" pin="1"/>
      <node ref="R6" pin="1"/>
    </net>
    <net code="160" name="Net-(C28-Pad2)">
      <node ref="R18" pin="2"/>
      <node ref="U4" pin="6"/>
      <node ref="C28" pin="2"/>
    </net>
    <net code="161" name="Net-(C28-Pad1)">
      <node ref="C28" pin="1"/>
      <node ref="R17" pin="1"/>
    </net>
    <net code="162" name="Net-(D4-Pad2)">
      <node ref="D4" pin="2"/>
      <node ref="R9" pin="2"/>
    </net>
    <net code="163" name="Net-(Q3-Pad2)">
      <node ref="Q3" pin="2"/>
      <node ref="R9" pin="1"/>
    </net>
    <net code="164" name="Net-(D4-Pad1)">
      <node ref="D4" pin="1"/>
      <node ref="U2" pin="8"/>
    </net>
    <net code="165" name="Net-(C1-Pad1)">
      <node ref="Q0" pin="2"/>
      <node ref="PS1" pin="2"/>
      <node ref="C1" pin="1"/>
      <node ref="C2" pin="2"/>
    </net>
    <net code="166" name="Net-(LED1-Pad1)">
      <node ref="Q6" pin="2"/>
      <node ref="LED1" pin="1"/>
    </net>
    <net code="167" name="Net-(Q6-Pad1)">
      <node ref="Q6" pin="1"/>
      <node ref="R27" pin="1"/>
    </net>
    <net code="168" name="Net-(LED1-Pad2)">
      <node ref="LED1" pin="2"/>
      <node ref="R28" pin="2"/>
    </net>
    <net code="169" name="Net-(Q2-Pad2)">
      <node ref="R8" pin="2"/>
      <node ref="Q3" pin="1"/>
      <node ref="Q2" pin="2"/>
    </net>
    <net code="170" name="Net-(Q2-Pad1)">
      <node ref="R7" pin="1"/>
      <node ref="Q2" pin="1"/>
    </net>
  </nets>
</export>
